Date,Strategy_Name,Portfolio_Value,Total_Invested,Daily_Return
2025-01-12,Adaptive QQQ TQQQ Switch SMA 30,10000.0,10000.0,0.0
2025-01-13,Adaptive QQQ TQQQ Switch SMA 30,9990.505577972941,10000.0,-0.0009494422027059462
2025-01-14,Adaptive QQQ TQQQ Switch SMA 30,10220.349711211331,10000.0,0.02300625643462434
2025-01-15,Adaptive QQQ TQQQ Switch SMA 30,10148.745945090594,10000.0,-0.007005999612928206
2025-01-16,Adaptive QQQ TQQQ Switch SMA 30,10320.041142495453,10000.0,0.016878459499493192
2025-01-17,Adaptive QQQ TQQQ Switch SMA 30,10320.041142495453,10000.0,0.0
2025-01-20,Adaptive QQQ TQQQ Switch SMA 30,10491.338433530378,10000.0,0.01659850853981231
2025-01-21,Adaptive QQQ TQQQ Switch SMA 30,10898.479820917739,10000.0,0.03880738286796026
2025-01-22,Adaptive QQQ TQQQ Switch SMA 30,10965.509195670536,10000.0,0.0061503416856492745
2025-01-23,Adaptive QQQ TQQQ Switch SMA 30,10768.144925565079,10000.0,-0.01799864161195385
2025-01-24,Adaptive QQQ TQQQ Switch SMA 30,10769.386210282722,10000.0,0.0001152737752161973
2025-01-26,Adaptive QQQ TQQQ Switch SMA 30,9823.527255437697,10000.0,-0.0878284923928078
2025-01-27,Adaptive QQQ TQQQ Switch SMA 30,9968.718533595114,10000.0,0.014779953715407924
2025-01-28,Adaptive QQQ TQQQ Switch SMA 30,9907.205569866941,10000.0,-0.006170598911070842
2025-01-29,Adaptive QQQ TQQQ Switch SMA 30,10031.437633866977,10000.0,0.012539566593620662
2025-01-30,Adaptive QQQ TQQQ Switch SMA 30,9977.161489400942,10000.0,-0.005410604785379377
2025-01-31,Adaptive QQQ TQQQ Switch SMA 30,9977.161489400942,10000.0,0.0
2025-02-02,Adaptive QQQ TQQQ Switch SMA 30,9735.934180663007,10000.0,-0.024177949709864605
2025-02-03,Adaptive QQQ TQQQ Switch SMA 30,9855.446526282696,10000.0,0.012275385535890087
2025-02-04,Adaptive QQQ TQQQ Switch SMA 30,9983.867766135034,10000.0,0.013030484160191144
2025-02-05,Adaptive QQQ TQQQ Switch SMA 30,10133.496183210695,10000.0,0.014987019117300097
2025-02-06,Adaptive QQQ TQQQ Switch SMA 30,9747.05428714127,10000.0,-0.03813510056970121
2025-02-07,Adaptive QQQ TQQQ Switch SMA 30,9748.232463653678,10000.0,0.00012087513598441805
2025-02-09,Adaptive QQQ TQQQ Switch SMA 30,10089.903652251644,10000.0,0.03504955281605035
2025-02-10,Adaptive QQQ TQQQ Switch SMA 30,10018.03488499483,10000.0,-0.00712283979448855
2025-02-11,Adaptive QQQ TQQQ Switch SMA 30,10038.063885705746,10000.0,0.001999294366694128
2025-02-12,Adaptive QQQ TQQQ Switch SMA 30,10461.029253659777,10000.0,0.04213615023474182
2025-02-13,Adaptive QQQ TQQQ Switch SMA 30,10583.559610950082,10000.0,0.01171303074670562
2025-02-14,Adaptive QQQ TQQQ Switch SMA 30,10584.737787462489,10000.0,0.00011132138483808433
2025-02-17,Adaptive QQQ TQQQ Switch SMA 30,10649.537495644861,10000.0,0.006121994657168267
2025-02-18,Adaptive QQQ TQQQ Switch SMA 30,10650.71567215727,10000.0,0.00011063170704729634
2025-02-19,Adaptive QQQ TQQQ Switch SMA 30,10521.116255792524,10000.0,-0.012168141592920447
2025-02-20,Adaptive QQQ TQQQ Switch SMA 30,9862.515585357134,10000.0,-0.06259798432250843
2025-02-21,Adaptive QQQ TQQQ Switch SMA 30,9862.515585357134,10000.0,0.0
2025-02-23,Adaptive QQQ TQQQ Switch SMA 30,9746.095607815565,10000.0,-0.011804288321167951
2025-02-24,Adaptive QQQ TQQQ Switch SMA 30,9623.301589635652,10000.0,-0.012599303672071776
2025-02-25,Adaptive QQQ TQQQ Switch SMA 30,9646.548090787268,10000.0,0.002415647159666281
2025-02-26,Adaptive QQQ TQQQ Switch SMA 30,9378.650912193227,10000.0,-0.027771299751243712
2025-02-27,Adaptive QQQ TQQQ Switch SMA 30,9526.753621143047,10000.0,0.01579147260479348
2025-02-28,Adaptive QQQ TQQQ Switch SMA 30,9526.753621143047,10000.0,0.0
2025-03-02,Adaptive QQQ TQQQ Switch SMA 30,9318.284997912415,10000.0,-0.02188244091544169
2025-03-03,Adaptive QQQ TQQQ Switch SMA 30,9290.164230390297,10000.0,-0.0030178050497937834
2025-03-04,Adaptive QQQ TQQQ Switch SMA 30,9411.271002518884,10000.0,0.013036020583190353
2025-03-05,Adaptive QQQ TQQQ Switch SMA 30,9152.37246953192,10000.0,-0.027509412163104326
2025-03-06,Adaptive QQQ TQQQ Switch SMA 30,9219.674839801522,10000.0,0.007353543629660041
2025-03-07,Adaptive QQQ TQQQ Switch SMA 30,9219.674839801522,10000.0,0.0
2025-03-09,Adaptive QQQ TQQQ Switch SMA 30,8862.353620487145,10000.0,-0.03875637975558674
2025-03-10,Adaptive QQQ TQQQ Switch SMA 30,8841.169308953817,10000.0,-0.0023903708247836933
2025-03-11,Adaptive QQQ TQQQ Switch SMA 30,8940.904297765594,10000.0,0.011280746395250197
2025-03-12,Adaptive QQQ TQQQ Switch SMA 30,8780.05350753908,10000.0,-0.017990438647991363
2025-03-13,Adaptive QQQ TQQQ Switch SMA 30,8992.271566439329,10000.0,0.02417047444164507
2025-03-14,Adaptive QQQ TQQQ Switch SMA 30,8992.271566439329,10000.0,0.0
2025-03-16,Adaptive QQQ TQQQ Switch SMA 30,9050.575291101854,10000.0,0.00648375932952499
2025-03-17,Adaptive QQQ TQQQ Switch SMA 30,8896.28601329717,10000.0,-0.0170474553099819
2025-03-18,Adaptive QQQ TQQQ Switch SMA 30,9015.330595807467,10000.0,0.013381379862603713
2025-03-19,Adaptive QQQ TQQQ Switch SMA 30,8984.772695100099,10000.0,-0.003389548545405385
2025-03-20,Adaptive QQQ TQQQ Switch SMA 30,9014.393236890062,10000.0,0.0032967491549471773
2025-03-21,Adaptive QQQ TQQQ Switch SMA 30,9014.393236890062,10000.0,0.0
2025-03-23,Adaptive QQQ TQQQ Switch SMA 30,9198.490528268194,10000.0,0.0204225937941936
2025-03-24,Adaptive QQQ TQQQ Switch SMA 30,9250.982627642812,10000.0,0.005706599274446571
2025-03-25,Adaptive QQQ TQQQ Switch SMA 30,9080.758248242259,10000.0,-0.01840068090625377
2025-03-26,Adaptive QQQ TQQQ Switch SMA 30,9029.016036001562,10000.0,-0.005698005698005679
2025-03-27,Adaptive QQQ TQQQ Switch SMA 30,8791.301814547927,10000.0,-0.026327810306880958
2025-03-28,Adaptive QQQ TQQQ Switch SMA 30,8791.301814547927,10000.0,0.0
2025-03-30,Adaptive QQQ TQQQ Switch SMA 30,8790.926870980966,10000.0,-4.264937945149019e-05
2025-03-31,Adaptive QQQ TQQQ Switch SMA 30,8861.791205136702,10000.0,0.008061076516250048
2025-04-01,Adaptive QQQ TQQQ Switch SMA 30,8926.468970437572,10000.0,0.007298497990268646
2025-04-02,Adaptive QQQ TQQQ Switch SMA 30,8448.603394345053,10000.0,-0.053533550351779806
2025-04-03,Adaptive QQQ TQQQ Switch SMA 30,7923.869872382335,10000.0,-0.06210890693649316
2025-04-04,Adaptive QQQ TQQQ Switch SMA 30,7923.869872382335,10000.0,0.0
2025-04-06,Adaptive QQQ TQQQ Switch SMA 30,7942.991994297376,10000.0,0.0024132301795726733
2025-04-07,Adaptive QQQ TQQQ Switch SMA 30,7799.951023501537,10000.0,-0.018008449573980966
2025-04-08,Adaptive QQQ TQQQ Switch SMA 30,8736.185110204577,10000.0,0.12003076479353939
2025-04-09,Adaptive QQQ TQQQ Switch SMA 30,8364.616035345662,10000.0,-0.042532188841201704
2025-04-10,Adaptive QQQ TQQQ Switch SMA 30,8518.717841366866,10000.0,0.018423057958671323
2025-04-11,Adaptive QQQ TQQQ Switch SMA 30,8518.717841366866,10000.0,0.0
2025-04-13,Adaptive QQQ TQQQ Switch SMA 30,8576.45915067895,10000.0,0.006778169014084598
2025-04-14,Adaptive QQQ TQQQ Switch SMA 30,8586.020211636469,10000.0,0.0011148028329107083
2025-04-15,Adaptive QQQ TQQQ Switch SMA 30,8327.121678649504,10000.0,-0.030153496801240205
2025-04-16,Adaptive QQQ TQQQ Switch SMA 30,8325.621904381658,10000.0,-0.00018010716376240282
2025-04-17,Adaptive QQQ TQQQ Switch SMA 30,8325.621904381658,10000.0,0.0
2025-04-20,Adaptive QQQ TQQQ Switch SMA 30,8119.590414336275,10000.0,-0.0247466786759739
2025-04-21,Adaptive QQQ TQQQ Switch SMA 30,8332.745832153929,10000.0,0.026251991410957964
2025-04-22,Adaptive QQQ TQQQ Switch SMA 30,8521.71738990256,10000.0,0.022678185745140352
2025-04-23,Adaptive QQQ TQQQ Switch SMA 30,8761.493800974486,10000.0,0.028137099612812435
2025-04-24,Adaptive QQQ TQQQ Switch SMA 30,9050.518912936051,10000.0,0.032988108937476
2025-04-25,Adaptive QQQ TQQQ Switch SMA 30,9050.518912936051,10000.0,0.0
2025-04-27,Adaptive QQQ TQQQ Switch SMA 30,9043.797398704388,10000.0,-0.0007426661715558698
2025-04-28,Adaptive QQQ TQQQ Switch SMA 30,9220.237147285578,10000.0,0.019509476031215108
2025-04-29,Adaptive QQQ TQQQ Switch SMA 30,9221.917525843495,10000.0,0.00018224895206861886
2025-04-30,Adaptive QQQ TQQQ Switch SMA 30,9539.509073289635,10000.0,0.03443877551020409
2025-05-01,Adaptive QQQ TQQQ Switch SMA 30,9986.489769695314,10000.0,0.04685573366214544
2025-05-02,Adaptive QQQ TQQQ Switch SMA 30,9988.17014825323,10000.0,0.000168265185932997
2025-05-04,Adaptive QQQ TQQQ Switch SMA 30,9813.410778229958,10000.0,-0.017496635262449517
2025-05-05,Adaptive QQQ TQQQ Switch SMA 30,9534.467937615887,10000.0,-0.028424657534246518
2025-05-06,Adaptive QQQ TQQQ Switch SMA 30,9645.37292243835,10000.0,0.011632005639760249
2025-05-07,Adaptive QQQ TQQQ Switch SMA 30,9932.717655842001,10000.0,0.029790940766550537
2025-05-08,Adaptive QQQ TQQQ Switch SMA 30,9909.192356031177,10000.0,-0.00236846557266115
2025-05-09,Adaptive QQQ TQQQ Switch SMA 30,9910.872734589093,10000.0,0.00016957775139898271
2025-05-11,Adaptive QQQ TQQQ Switch SMA 30,11108.982646383265,10000.0,0.12088843675822318
2025-05-12,Adaptive QQQ TQQQ Switch SMA 30,11618.13734943184,10000.0,0.04583270307063986
2025-05-13,Adaptive QQQ TQQQ Switch SMA 30,11823.143533497603,10000.0,0.01764535724616718
2025-05-14,Adaptive QQQ TQQQ Switch SMA 30,11860.111861771757,10000.0,0.0031267765776008933
2025-05-15,Adaptive QQQ TQQQ Switch SMA 30,12006.304796310456,10000.0,0.01232643808444325
2025-05-16,Adaptive QQQ TQQQ Switch SMA 30,12004.62441775254,10000.0,-0.00013995801259629272
2025-05-18,Adaptive QQQ TQQQ Switch SMA 30,12038.231988910862,10000.0,0.002799552071668573
2025-05-19,Adaptive QQQ TQQQ Switch SMA 30,11912.203597067155,10000.0,-0.010469011725293131
2025-05-20,Adaptive QQQ TQQQ Switch SMA 30,11416.491922481908,10000.0,-0.041613767809282026
2025-05-21,Adaptive QQQ TQQQ Switch SMA 30,11475.305172008973,10000.0,0.0051516043567855245
2025-05-22,Adaptive QQQ TQQQ Switch SMA 30,11144.270596099503,10000.0,-0.028847561868502167
2025-05-23,Adaptive QQQ TQQQ Switch SMA 30,11144.270596099503,10000.0,0.0
2025-05-26,Adaptive QQQ TQQQ Switch SMA 30,11920.605489856736,10000.0,0.06966224366706883
2025-05-27,Adaptive QQQ TQQQ Switch SMA 30,11767.691041086373,10000.0,-0.01282774175359454
2025-05-28,Adaptive QQQ TQQQ Switch SMA 30,11824.82391205552,10000.0,0.004855062116235947
2025-05-29,Adaptive QQQ TQQQ Switch SMA 30,11762.649905412625,10000.0,-0.005257922410118012
2025-05-30,Adaptive QQQ TQQQ Switch SMA 30,11762.649905412625,10000.0,0.0
2025-06-01,Adaptive QQQ TQQQ Switch SMA 30,12033.190853237114,10000.0,0.022999999999999993
2025-06-02,Adaptive QQQ TQQQ Switch SMA 30,12313.8140724091,10000.0,0.02332076525624915
2025-06-03,Adaptive QQQ TQQQ Switch SMA 30,12412.95640732615,10000.0,0.008051310043668169
2025-06-04,Adaptive QQQ TQQQ Switch SMA 30,12123.931295364584,10000.0,-0.023284147827264096
2025-06-05,Adaptive QQQ TQQQ Switch SMA 30,12470.089278295296,10000.0,0.028551628551628384
2025-06-06,Adaptive QQQ TQQQ Switch SMA 30,12468.408899737382,10000.0,-0.0001347527287426345
2025-06-08,Adaptive QQQ TQQQ Switch SMA 30,12525.54177070653,10000.0,0.004582210242587647
2025-06-09,Adaptive QQQ TQQQ Switch SMA 30,12767.516283046445,10000.0,0.019318486718540348
2025-06-10,Adaptive QQQ TQQQ Switch SMA 30,12636.44675552899,10000.0,-0.010265859436693881
2025-06-11,Adaptive QQQ TQQQ Switch SMA 30,12718.785304866879,10000.0,0.006515957446808442
2025-06-12,Adaptive QQQ TQQQ Switch SMA 30,12238.197037302878,10000.0,-0.03778570484872506
2025-06-13,Adaptive QQQ TQQQ Switch SMA 30,12239.877415860794,10000.0,0.00013730605519710444
2025-06-15,Adaptive QQQ TQQQ Switch SMA 30,12737.269469003955,10000.0,0.040637012630422756
2025-06-16,Adaptive QQQ TQQQ Switch SMA 30,12360.864672030752,10000.0,-0.029551451187335025
2025-06-17,Adaptive QQQ TQQQ Switch SMA 30,12344.060886451589,10000.0,-0.0013594344752584084
2025-06-18,Adaptive QQQ TQQQ Switch SMA 30,12344.060886451589,10000.0,0.0
2025-06-19,Adaptive QQQ TQQQ Switch SMA 30,12174.342652102065,10000.0,-0.013748979036210059
2025-06-20,Adaptive QQQ TQQQ Switch SMA 30,12172.662273544147,10000.0,-0.00013802622498281734
2025-06-22,Adaptive QQQ TQQQ Switch SMA 30,12552.427827633184,10000.0,0.031198233020430774
2025-06-23,Adaptive QQQ TQQQ Switch SMA 30,13123.756537324653,10000.0,0.04551539491298516
2025-06-24,Adaptive QQQ TQQQ Switch SMA 30,13187.610922525466,10000.0,0.004865556978233159
2025-06-25,Adaptive QQQ TQQQ Switch SMA 30,13548.892312477425,10000.0,0.02739551478083577
2025-06-26,Adaptive QQQ TQQQ Switch SMA 30,13681.642218552797,10000.0,0.009797841994295006
2025-06-27,Adaptive QQQ TQQQ Switch SMA 30,13681.642218552797,10000.0,0.0
2025-06-29,Adaptive QQQ TQQQ Switch SMA 30,13947.14203070354,10000.0,0.019405551461557334
2025-06-30,Adaptive QQQ TQQQ Switch SMA 30,13592.582154983245,10000.0,-0.025421686746987946
2025-07-01,Adaptive QQQ TQQQ Switch SMA 30,13863.123102807736,10000.0,0.019903572753121514
2025-07-02,Adaptive QQQ TQQQ Switch SMA 30,14251.290549686353,10000.0,0.02800000000000003
2025-07-03,Adaptive QQQ TQQQ Switch SMA 30,14249.610171128437,10000.0,-0.00011791062374725994
2025-07-06,Adaptive QQQ TQQQ Switch SMA 30,13933.699002240213,10000.0,-0.022169811320754663
2025-07-07,Adaptive QQQ TQQQ Switch SMA 30,13952.18316637729,10000.0,0.001326579835986486
2025-07-08,Adaptive QQQ TQQQ Switch SMA 30,14241.208278338856,10000.0,0.02071540407081776
2025-07-09,Adaptive QQQ TQQQ Switch SMA 30,14175.673514580129,10000.0,-0.004601769911504431
2025-07-10,Adaptive QQQ TQQQ Switch SMA 30,14068.1292868735,10000.0,-0.007586533902323383
2025-07-11,Adaptive QQQ TQQQ Switch SMA 30,14068.1292868735,10000.0,0.0
2025-07-13,Adaptive QQQ TQQQ Switch SMA 30,14217.682978528032,10000.0,0.010630673674151943
2025-07-14,Adaptive QQQ TQQQ Switch SMA 30,14254.651306802187,10000.0,0.002600165465075037
2025-07-15,Adaptive QQQ TQQQ Switch SMA 30,14294.980392192174,10000.0,0.0028291877873393243
2025-07-16,Adaptive QQQ TQQQ Switch SMA 30,14627.69534665956,10000.0,0.023274950041142637
2025-07-17,Adaptive QQQ TQQQ Switch SMA 30,14577.28398992208,10000.0,-0.0034462952326248957
2025-07-18,Adaptive QQQ TQQQ Switch SMA 30,14578.964368479996,10000.0,0.0001152737752161973
2025-07-20,Adaptive QQQ TQQQ Switch SMA 30,14799.093959567002,10000.0,0.015099124020285707
2025-07-21,Adaptive QQQ TQQQ Switch SMA 30,14568.8820971325,10000.0,-0.01555580788009527
2025-07-22,Adaptive QQQ TQQQ Switch SMA 30,14760.445252734935,10000.0,0.013148788927335646
2025-07-23,Adaptive QQQ TQQQ Switch SMA 30,14857.907209094068,10000.0,0.006602914389799616
2025-07-24,Adaptive QQQ TQQQ Switch SMA 30,14941.926136989872,10000.0,0.005654829224157431
2025-07-25,Adaptive QQQ TQQQ Switch SMA 30,14941.926136989872,10000.0,0.0
2025-07-27,Adaptive QQQ TQQQ Switch SMA 30,15087.278882249613,10000.0,0.009727845254160986
2025-07-28,Adaptive QQQ TQQQ Switch SMA 30,15019.223550654011,10000.0,-0.004510775742050467
2025-07-29,Adaptive QQQ TQQQ Switch SMA 30,15071.31528594941,10000.0,0.00346833743566796
2025-07-30,Adaptive QQQ TQQQ Switch SMA 30,14822.619259377827,10000.0,-0.016501282194224597
2025-07-31,Adaptive QQQ TQQQ Switch SMA 30,13933.699002240217,10000.0,-0.05997052488379993
2025-08-01,Adaptive QQQ TQQQ Switch SMA 30,13933.699002240217,10000.0,0.0
2025-08-03,Adaptive QQQ TQQQ Switch SMA 30,14190.798741900242,10000.0,0.018451650176933683
2025-08-04,Adaptive QQQ TQQQ Switch SMA 30,13895.495132132824,10000.0,-0.02080951292019201
2025-08-05,Adaptive QQQ TQQQ Switch SMA 30,14414.71027018543,10000.0,0.0373657169546941
2025-08-06,Adaptive QQQ TQQQ Switch SMA 30,14560.739527762724,10000.0,0.010130571814497877
2025-08-07,Adaptive QQQ TQQQ Switch SMA 30,14953.395975915008,10000.0,0.026966792957432605
2025-08-08,Adaptive QQQ TQQQ Switch SMA 30,14953.395975915008,10000.0,0.0
2025-08-10,Adaptive QQQ TQQQ Switch SMA 30,14821.969644095441,10000.0,-0.008789062500000024
2025-08-11,Adaptive QQQ TQQQ Switch SMA 30,15368.76808635709,10000.0,0.03689107827038867
2025-08-12,Adaptive QQQ TQQQ Switch SMA 30,15391.483748646891,10000.0,0.0014780405405405465
2025-08-13,Adaptive QQQ TQQQ Switch SMA 30,15349.297518680116,10000.0,-0.0027408812987561155
2025-08-14,Adaptive QQQ TQQQ Switch SMA 30,15131.876179620589,10000.0,-0.014164904862579169
2025-08-15,Adaptive QQQ TQQQ Switch SMA 30,15131.876179620589,10000.0,0.0
2025-08-17,Adaptive QQQ TQQQ Switch SMA 30,15112.405611943615,10000.0,-0.0012867252841518822
2025-08-18,Adaptive QQQ TQQQ Switch SMA 30,14495.837635506148,10000.0,-0.04079879750912602
2025-08-19,Adaptive QQQ TQQQ Switch SMA 30,14231.362424560602,10000.0,-0.018244907096485446
2025-08-20,Adaptive QQQ TQQQ Switch SMA 30,14165.474158873469,10000.0,-0.004629793249690766
2025-08-21,Adaptive QQQ TQQQ Switch SMA 30,14384.011956133465,10000.0,0.015427496094304884
2025-08-22,Adaptive QQQ TQQQ Switch SMA 30,14384.011956133465,10000.0,0.0
2025-08-24,Adaptive QQQ TQQQ Switch SMA 30,14258.283150586383,10000.0,-0.008740871874308387
2025-08-25,Adaptive QQQ TQQQ Switch SMA 30,14423.799552825581,10000.0,0.011608438441790289
2025-08-26,Adaptive QQQ TQQQ Switch SMA 30,14489.051211400654,10000.0,0.004523888337195308
2025-08-27,Adaptive QQQ TQQQ Switch SMA 30,14753.240853436298,10000.0,0.018233743409490296
2025-08-28,Adaptive QQQ TQQQ Switch SMA 30,14221.67856162964,10000.0,-0.03603020496224383
2025-08-29,Adaptive QQQ TQQQ Switch SMA 30,14221.67856162964,10000.0,0.0
2025-09-01,Adaptive QQQ TQQQ Switch SMA 30,13858.81567979755,10000.0,-0.025514771709937344
2025-09-02,Adaptive QQQ TQQQ Switch SMA 30,13967.849536052809,10000.0,0.007867472861638636
2025-09-03,Adaptive QQQ TQQQ Switch SMA 30,14094.279805328568,10000.0,0.009051519988773252
2025-09-04,Adaptive QQQ TQQQ Switch SMA 30,14140.480460284847,10000.0,0.003277972027971997
2025-09-05,Adaptive QQQ TQQQ Switch SMA 30,14140.480460284847,10000.0,0.0
2025-09-07,Adaptive QQQ TQQQ Switch SMA 30,14342.223320260593,10000.0,0.014267044216946224
2025-09-08,Adaptive QQQ TQQQ Switch SMA 30,14459.264979483165,10000.0,0.008160635670568078
2025-09-09,Adaptive QQQ TQQQ Switch SMA 30,14474.665197801924,10000.0,0.001065076152944875
2025-09-10,Adaptive QQQ TQQQ Switch SMA 30,14717.98864723832,10000.0,0.0168102989679753
2025-09-11,Adaptive QQQ TQQQ Switch SMA 30,14901.251245231557,10000.0,0.01245160615255846
2025-09-12,Adaptive QQQ TQQQ Switch SMA 30,14901.251245231557,10000.0,0.0
2025-09-14,Adaptive QQQ TQQQ Switch SMA 30,15281.636637704914,10000.0,0.02552707730467134
2025-09-15,Adaptive QQQ TQQQ Switch SMA 30,15240.056048244262,10000.0,-0.0027209513252041745
2025-09-16,Adaptive QQQ TQQQ Switch SMA 30,15143.034672836078,10000.0,-0.00636620856911879
2025-09-17,Adaptive QQQ TQQQ Switch SMA 30,15551.1404582832,10000.0,0.026950066103935785
2025-09-18,Adaptive QQQ TQQQ Switch SMA 30,15859.144824658386,10000.0,0.019805902158843335
2025-09-19,Adaptive QQQ TQQQ Switch SMA 30,15859.144824658386,10000.0,0.0
2025-09-21,Adaptive QQQ TQQQ Switch SMA 30,16127.108623404798,10000.0,0.016896484754321178
2025-09-22,Adaptive QQQ TQQQ Switch SMA 30,15802.164016878975,10000.0,-0.02014896867838044
2025-09-23,Adaptive QQQ TQQQ Switch SMA 30,15617.361397053863,10000.0,-0.01169476659195013
2025-09-24,Adaptive QQQ TQQQ Switch SMA 30,15407.918427918736,10000.0,-0.013410906222266044
2025-09-25,Adaptive QQQ TQQQ Switch SMA 30,15592.72104774385,10000.0,0.011994002998500779
2025-09-26,Adaptive QQQ TQQQ Switch SMA 30,15594.261069575725,10000.0,9.876543209881596e-05
2025-09-28,Adaptive QQQ TQQQ Switch SMA 30,15800.623995047097,10000.0,0.013233260912502362
2025-09-29,Adaptive QQQ TQQQ Switch SMA 30,15923.825741597175,10000.0,0.0077972709551658035
2025-09-30,Adaptive QQQ TQQQ Switch SMA 30,16148.66892905106,10000.0,0.014119922630560867
2025-10-01,Adaptive QQQ TQQQ Switch SMA 30,16345.79172353118,10000.0,0.012206751859622365
2025-10-02,Adaptive QQQ TQQQ Switch SMA 30,16124.028579741047,10000.0,-0.013566986998304106
2025-10-03,Adaptive QQQ TQQQ Switch SMA 30,16124.028579741047,10000.0,0.0
2025-10-05,Adaptive QQQ TQQQ Switch SMA 30,16484.393688400018,10000.0,0.0223495702005731
2025-10-06,Adaptive QQQ TQQQ Switch SMA 30,16217.969911485481,10000.0,-0.016162182361733966
2025-10-07,Adaptive QQQ TQQQ Switch SMA 30,16767.75770546519,10000.0,0.03389991453803051
2025-10-08,Adaptive QQQ TQQQ Switch SMA 30,16701.536766694524,10000.0,-0.003949301983835347
2025-10-09,Adaptive QQQ TQQQ Switch SMA 30,14948.991922019708,10000.0,-0.10493314891655149
2025-10-10,Adaptive QQQ TQQQ Switch SMA 30,14948.991922019708,10000.0,0.0
2025-10-12,Adaptive QQQ TQQQ Switch SMA 30,15266.230071204554,10000.0,0.02122137404580151
2025-10-13,Adaptive QQQ TQQQ Switch SMA 30,14955.670319683391,10000.0,-0.020342923568730104
2025-10-14,Adaptive QQQ TQQQ Switch SMA 30,15261.79350332568,10000.0,0.020468703648768984
2025-10-15,Adaptive QQQ TQQQ Switch SMA 30,15091.725067968853,10000.0,-0.011143410852713233
2025-10-16,Adaptive QQQ TQQQ Switch SMA 30,15378.623124136022,10000.0,0.01901028907398332
2025-10-17,Adaptive QQQ TQQQ Switch SMA 30,15377.144268176398,10000.0,-9.616309260497072e-05
2025-10-19,Adaptive QQQ TQQQ Switch SMA 30,15955.376948389609,10000.0,0.03760338526639735
2025-10-20,Adaptive QQQ TQQQ Switch SMA 30,15937.630676874112,10000.0,-0.0011122439521735522
2025-10-21,Adaptive QQQ TQQQ Switch SMA 30,15468.83333767312,10000.0,-0.029414493829451625
2025-10-22,Adaptive QQQ TQQQ Switch SMA 30,15856.29359909476,10000.0,0.02504780114722758
2025-10-23,Adaptive QQQ TQQQ Switch SMA 30,16350.23148960937,10000.0,0.03115090468196235
2025-10-24,Adaptive QQQ TQQQ Switch SMA 30,16350.23148960937,10000.0,0.0
2025-10-26,Adaptive QQQ TQQQ Switch SMA 30,17218.319937909,10000.0,0.053093342981186724
2025-10-27,Adaptive QQQ TQQQ Switch SMA 30,17611.695623169137,10000.0,0.02284634544361416
2025-10-28,Adaptive QQQ TQQQ Switch SMA 30,17836.48172903207,10000.0,0.012763456209589352
2025-10-29,Adaptive QQQ TQQQ Switch SMA 30,17020.153239319305,10000.0,-0.045767349307685896
2025-10-30,Adaptive QQQ TQQQ Switch SMA 30,17261.20676073811,10000.0,0.014162829090277135
2025-10-31,Adaptive QQQ TQQQ Switch SMA 30,17261.20676073811,10000.0,0.0
2025-11-02,Adaptive QQQ TQQQ Switch SMA 30,17497.823714278045,10000.0,0.01370801919122682
2025-11-03,Adaptive QQQ TQQQ Switch SMA 30,16427.13199950985,10000.0,-0.06118999323867474
2025-11-04,Adaptive QQQ TQQQ Switch SMA 30,16746.56488678876,10000.0,0.019445444724522837
2025-11-05,Adaptive QQQ TQQQ Switch SMA 30,15807.491352427152,10000.0,-0.056075591663723015
2025-11-06,Adaptive QQQ TQQQ Switch SMA 30,15757.614035720131,10000.0,-0.003155296156424134
2025-11-07,Adaptive QQQ TQQQ Switch SMA 30,15757.614035720131,10000.0,0.0
2025-11-09,Adaptive QQQ TQQQ Switch SMA 30,16106.238389283722,10000.0,0.022124184078459685
2025-11-10,Adaptive QQQ TQQQ Switch SMA 30,15973.341559348191,10000.0,-0.008251264306627563
2025-11-11,Adaptive QQQ TQQQ Switch SMA 30,15940.474601407144,10000.0,-0.0020576131687243156
2025-11-12,Adaptive QQQ TQQQ Switch SMA 30,14955.894861347124,10000.0,-0.06176602420439266
2025-11-13,Adaptive QQQ TQQQ Switch SMA 30,14967.202737146301,10000.0,0.0007560815253123544
2025-11-14,Adaptive QQQ TQQQ Switch SMA 30,14967.202737146301,10000.0,0.0
2025-11-16,Adaptive QQQ TQQQ Switch SMA 30,14839.374575938204,10000.0,-0.008540551194034829
2025-11-17,Adaptive QQQ TQQQ Switch SMA 30,14658.694386538298,10000.0,-0.012175728058841108
2025-11-18,Adaptive QQQ TQQQ Switch SMA 30,14746.207512288456,10000.0,0.0059700491355168615
2025-11-19,Adaptive QQQ TQQQ Switch SMA 30,14397.138302835581,10000.0,-0.023671795555703812
2025-11-20,Adaptive QQQ TQQQ Switch SMA 30,14505.300593088587,10000.0,0.007512763160141532
2025-11-21,Adaptive QQQ TQQQ Switch SMA 30,14505.300593088587,10000.0,0.0
2025-11-23,Adaptive QQQ TQQQ Switch SMA 30,14876.248083979,10000.0,0.0255732370735674
2025-11-24,Adaptive QQQ TQQQ Switch SMA 30,14967.940207307114,10000.0,0.006163659197567616
2025-11-25,Adaptive QQQ TQQQ Switch SMA 30,15100.193189480106,10000.0,0.008835750299725723
2025-11-26,Adaptive QQQ TQQQ Switch SMA 30,15100.193189480106,10000.0,0.0
2025-11-27,Adaptive QQQ TQQQ Switch SMA 30,15431.226092453531,10000.0,0.021922428330522797
2025-11-28,Adaptive QQQ TQQQ Switch SMA 30,15431.226092453531,10000.0,0.0
2025-11-30,Adaptive QQQ TQQQ Switch SMA 30,15292.58838095184,10000.0,-0.00898423175650902
2025-12-01,Adaptive QQQ TQQQ Switch SMA 30,15646.256012333704,10000.0,0.023126734505087884
2025-12-02,Adaptive QQQ TQQQ Switch SMA 30,15756.600313324847,10000.0,0.007052441229656431
2025-12-03,Adaptive QQQ TQQQ Switch SMA 30,15705.67217440586,10000.0,-0.0032321781289279894
2025-12-04,Adaptive QQQ TQQQ Switch SMA 30,15886.750001673374,10000.0,0.011529454152404982
2025-12-05,Adaptive QQQ TQQQ Switch SMA 30,15886.750001673374,10000.0,0.0
2025-12-07,Adaptive QQQ TQQQ Switch SMA 30,15787.723064886452,10000.0,-0.006233303650935021
2025-12-08,Adaptive QQQ TQQQ Switch SMA 30,15847.139226958603,10000.0,0.003763440860215069
2025-12-09,Adaptive QQQ TQQQ Switch SMA 30,16028.217054226117,10000.0,0.01142653097661133
2025-12-10,Adaptive QQQ TQQQ Switch SMA 30,15875.432637469152,10000.0,-0.009532215357458062
2025-12-11,Adaptive QQQ TQQQ Switch SMA 30,14944.579431672084,10000.0,-0.05863482445196933
2025-12-12,Adaptive QQQ TQQQ Switch SMA 30,14944.579431672084,10000.0,0.0
2025-12-14,Adaptive QQQ TQQQ Switch SMA 30,14718.23214758769,10000.0,-0.015145778114350571
2025-12-15,Adaptive QQQ TQQQ Switch SMA 30,14747.401507332475,10000.0,0.001981852130900574
2025-12-16,Adaptive QQQ TQQQ Switch SMA 30,14474.029160633414,10000.0,-0.01853698406211693
2025-12-17,Adaptive QQQ TQQQ Switch SMA 30,14683.759267889307,10000.0,0.014490098432737707
2025-12-18,Adaptive QQQ TQQQ Switch SMA 30,14875.168124396409,10000.0,0.013035412322897245
2025-12-19,Adaptive QQQ TQQQ Switch SMA 30,14875.168124396409,10000.0,0.0
2025-12-21,Adaptive QQQ TQQQ Switch SMA 30,15078.061860024385,10000.0,0.013639760837070195
2025-12-22,Adaptive QQQ TQQQ Switch SMA 30,15289.2936943768,10000.0,0.014009216589861715
2025-12-23,Adaptive QQQ TQQQ Switch SMA 30,15386.571512828568,10000.0,0.006362479549172904
2025-12-24,Adaptive QQQ TQQQ Switch SMA 30,15386.571512828568,10000.0,0.0
2025-12-25,Adaptive QQQ TQQQ Switch SMA 30,15372.674681621173,10000.0,-0.0009031791907513938
2025-12-26,Adaptive QQQ TQQQ Switch SMA 30,15372.674681621173,10000.0,0.0
2025-12-28,Adaptive QQQ TQQQ Switch SMA 30,15144.766649819883,10000.0,-0.014825528837461585
2025-12-29,Adaptive QQQ TQQQ Switch SMA 30,15036.371366402196,10000.0,-0.007157276564507259
2025-12-30,Adaptive QQQ TQQQ Switch SMA 30,14652.818825078073,10000.0,-0.02550831792975975
2025-12-31,Adaptive QQQ TQQQ Switch SMA 30,14652.818825078073,10000.0,0.0
2026-01-01,Adaptive QQQ TQQQ Switch SMA 30,14624.43437032096,10000.0,-0.0019371327180087267
2026-01-04,Adaptive QQQ TQQQ Switch SMA 30,14740.595962478224,10000.0,0.007942980167014621
2026-01-05,Adaptive QQQ TQQQ Switch SMA 30,14870.114945109424,10000.0,0.008786549944173773
2026-01-06,Adaptive QQQ TQQQ Switch SMA 30,14913.365597558388,10000.0,0.0029085620796219544
2026-01-07,Adaptive QQQ TQQQ Switch SMA 30,14648.455351308483,10000.0,-0.017763277143375094
2026-01-08,Adaptive QQQ TQQQ Switch SMA 30,15072.852378463944,10000.0,0.02897213508027312
