Date,Strategy_Name,Portfolio_Value,Total_Invested,Daily_Return
2020-01-02,TQQQ Buy and Hold,1000.0,1000.0,0.0
2020-01-03,TQQQ Buy and Hold,973.5682819383261,1000.0,-0.026431718061673916
2020-01-06,TQQQ Buy and Hold,992.0704845814978,1000.0,0.019004524886877743
2020-01-07,TQQQ Buy and Hold,990.3083700440529,1000.0,-0.0017761989342806016
2020-01-08,TQQQ Buy and Hold,1013.215859030837,1000.0,0.02313167259786475
2020-01-09,TQQQ Buy and Hold,1038.7665198237885,1000.0,0.02521739130434775
2020-01-10,TQQQ Buy and Hold,1029.955947136564,1000.0,-0.008481764206955017
2020-01-13,TQQQ Buy and Hold,1066.079295154185,1000.0,0.03507271171941832
2020-01-14,TQQQ Buy and Hold,1053.7444933920706,1000.0,-0.011570247933884198
2020-01-15,TQQQ Buy and Hold,1054.6255506607931,1000.0,0.0008361204013377747
2020-01-16,TQQQ Buy and Hold,1083.7004405286345,1000.0,0.027568922305764416
2020-01-17,TQQQ Buy and Hold,1100.4405286343613,1000.0,0.015447154471544674
2020-01-21,TQQQ Buy and Hold,1099.5594713656387,1000.0,-0.0008006405124099109
2020-01-22,TQQQ Buy and Hold,1107.488986784141,1000.0,0.00721153846153845
2020-01-23,TQQQ Buy and Hold,1117.180616740088,1000.0,0.008750994431185316
2020-01-24,TQQQ Buy and Hold,1088.1057268722466,1000.0,-0.02602523659305994
2020-01-27,TQQQ Buy and Hold,1021.1453744493391,1000.0,-0.06153846153846152
2020-01-28,TQQQ Buy and Hold,1068.7224669603524,1000.0,0.046591889559965564
2020-01-29,TQQQ Buy and Hold,1072.2466960352422,1000.0,0.0032976092333057826
2020-01-30,TQQQ Buy and Hold,1084.5814977973566,1000.0,0.011503697617091255
2020-01-31,TQQQ Buy and Hold,1030.837004405286,1000.0,-0.04955320877335509
2020-02-03,TQQQ Buy and Hold,2124.5679430701457,2000.0,0.04615384615384623
2020-02-04,TQQQ Buy and Hold,2270.3716254377046,2000.0,0.06862745098039215
2020-02-05,TQQQ Buy and Hold,2296.4079972890545,2000.0,0.011467889908256907
2020-02-06,TQQQ Buy and Hold,2351.952257238601,2000.0,0.024187452758881352
2020-02-07,TQQQ Buy and Hold,2322.4443691404044,2000.0,-0.012546125461254607
2020-02-10,TQQQ Buy and Hold,2405.7607590647235,2000.0,0.0358744394618833
2020-02-11,TQQQ Buy and Hold,2407.4965171881468,2000.0,0.0007215007215007061
2020-02-12,TQQQ Buy and Hold,2478.6626002485027,2000.0,0.0295602018745494
2020-02-13,TQQQ Buy and Hold,2468.2480515079633,2000.0,-0.004201680672268818
2020-02-14,TQQQ Buy and Hold,2485.6056327421966,2000.0,0.007032348804500678
2020-02-18,TQQQ Buy and Hold,2489.077148989043,2000.0,0.0013966480446927076
2020-02-19,TQQQ Buy and Hold,2561.9789901728223,2000.0,0.02928870292887029
2020-02-20,TQQQ Buy and Hold,2489.0771489890426,2000.0,-0.028455284552845524
2020-02-21,TQQQ Buy and Hold,2346.74498286833,2000.0,-0.05718270571827059
2020-02-24,TQQQ Buy and Hold,2075.9667156142923,2000.0,-0.1153846153846153
2020-02-25,TQQQ Buy and Hold,1907.5981776422302,2000.0,-0.08110367892976593
2020-02-26,TQQQ Buy and Hold,1933.6345494935802,2000.0,0.013648771610555083
2020-02-27,TQQQ Buy and Hold,1645.4987010053087,2000.0,-0.14901256732495513
2020-02-28,TQQQ Buy and Hold,1671.5350728566586,2000.0,0.015822784810126618
2020-03-02,TQQQ Buy and Hold,3034.9526165162865,3000.0,0.13603322949117327
2020-03-03,TQQQ Buy and Hold,2749.2121050892506,3000.0,-0.0941499085923217
2020-03-04,TQQQ Buy and Hold,3082.113671800361,3000.0,0.12108980827447016
2020-03-05,TQQQ Buy and Hold,2813.0182387088803,3000.0,-0.08730873087308721
2020-03-06,TQQQ Buy and Hold,2663.2125336888807,3000.0,-0.05325443786982258
2020-03-09,TQQQ Buy and Hold,2122.247487783327,3000.0,-0.20312499999999994
2020-03-10,TQQQ Buy and Hold,2455.1490544944368,3000.0,0.1568627450980391
2020-03-11,TQQQ Buy and Hold,2138.8925661188823,3000.0,-0.12881355932203387
2020-03-12,TQQQ Buy and Hold,1550.7664649292544,3000.0,-0.27496757457846954
2020-03-13,TQQQ Buy and Hold,1972.4417827633272,3000.0,0.2719141323792488
2020-03-16,TQQQ Buy and Hold,1292.7677507281442,3000.0,-0.34458509142053445
2020-03-17,TQQQ Buy and Hold,1500.831229922588,3000.0,0.1609442060085837
2020-03-18,TQQQ Buy and Hold,1362.1222437929587,3000.0,-0.09242144177449169
2020-03-19,TQQQ Buy and Hold,1395.4124004640696,3000.0,0.024439918533604908
2020-03-20,TQQQ Buy and Hold,1231.7357968311073,3000.0,-0.11729622266401588
2020-03-23,TQQQ Buy and Hold,1234.5099765536997,3000.0,0.002252252252252204
2020-03-24,TQQQ Buy and Hold,1511.9279488129582,3000.0,0.2247191011235955
2020-03-25,TQQQ Buy and Hold,1475.8636124192547,3000.0,-0.023853211009174292
2020-03-26,TQQQ Buy and Hold,1714.443068562217,3000.0,0.16165413533834574
2020-03-27,TQQQ Buy and Hold,1536.8955663162915,3000.0,-0.10355987055016176
2020-03-30,TQQQ Buy and Hold,1700.572169949254,3000.0,0.10649819494584835
2020-03-31,TQQQ Buy and Hold,1650.6369349425875,3000.0,-0.029363784665579075
2020-04-01,TQQQ Buy and Hold,2325.432739563077,4000.0,-0.12268907563025216
2020-04-02,TQQQ Buy and Hold,2463.5331512995817,4000.0,0.05938697318007673
2020-04-03,TQQQ Buy and Hold,2361.071555495078,4000.0,-0.04159132007233281
2020-04-06,TQQQ Buy and Hold,2855.5601265515943,4000.0,0.209433962264151
2020-04-07,TQQQ Buy and Hold,2851.105274560094,4000.0,-0.0015600624024960665
2020-04-08,TQQQ Buy and Hold,3033.7542062116,4000.0,0.06406249999999988
2020-04-09,TQQQ Buy and Hold,3042.6639101946002,4000.0,0.002936857562408291
2020-04-13,TQQQ Buy and Hold,3149.5803579906037,4000.0,0.03513909224011716
2020-04-14,TQQQ Buy and Hold,3559.4267412086174,4000.0,0.13012729844413012
2020-04-15,TQQQ Buy and Hold,3439.145737438113,4000.0,-0.033792240300375524
2020-04-16,TQQQ Buy and Hold,3626.24952108112,4000.0,0.05440414507772032
2020-04-17,TQQQ Buy and Hold,3715.346560911122,4000.0,0.024570024570024482
2020-04-20,TQQQ Buy and Hold,3595.0655571406187,4000.0,-0.03237410071942441
2020-04-21,TQQQ Buy and Hold,3198.583729897105,4000.0,-0.11028500619578693
2020-04-22,TQQQ Buy and Hold,3479.2394053616144,4000.0,0.08774373259052924
2020-04-23,TQQQ Buy and Hold,3456.9651454041136,4000.0,-0.0064020486555697595
2020-04-24,TQQQ Buy and Hold,3626.2495210811194,4000.0,0.04896907216494856
2020-04-27,TQQQ Buy and Hold,3697.5271529451215,4000.0,0.019656019656019673
2020-04-28,TQQQ Buy and Hold,3497.0588133276146,4000.0,-0.054216867469879644
2020-04-29,TQQQ Buy and Hold,3857.9018246391265,4000.0,0.10318471337579625
2020-04-30,TQQQ Buy and Hold,3884.6309365881275,4000.0,0.00692840646651276
2020-05-01,TQQQ Buy and Hold,4447.702939966713,5000.0,-0.08944954128440369
2020-05-04,TQQQ Buy and Hold,4604.548887471836,5000.0,0.03526448362720406
2020-05-05,TQQQ Buy and Hold,4750.191553012308,5000.0,0.03163017031630167
2020-05-06,TQQQ Buy and Hold,4845.419449711847,5000.0,0.020047169811320747
2020-05-07,TQQQ Buy and Hold,5035.875243110926,5000.0,0.03930635838150287
2020-05-08,TQQQ Buy and Hold,5237.534318474656,5000.0,0.04004449388209115
2020-05-11,TQQQ Buy and Hold,5366.37206106815,5000.0,0.02459893048128347
2020-05-12,TQQQ Buy and Hold,5047.078525075577,5000.0,-0.059498956158663914
2020-05-13,TQQQ Buy and Hold,4856.622731676499,5000.0,-0.03773584905660376
2020-05-14,TQQQ Buy and Hold,5019.070320163949,5000.0,0.033448673587082
2020-05-15,TQQQ Buy and Hold,5103.094934898835,5000.0,0.01674107142857127
2020-05-18,TQQQ Buy and Hold,5399.981906962104,5000.0,0.058177826564215274
2020-05-19,TQQQ Buy and Hold,5355.168779103498,5000.0,-0.008298755186721999
2020-05-20,TQQQ Buy and Hold,5674.4623150960715,5000.0,0.05962343096234312
2020-05-21,TQQQ Buy and Hold,5495.209803661644,5000.0,-0.031589338598223125
2020-05-22,TQQQ Buy and Hold,5545.6245725025765,5000.0,0.00917431192660549
2020-05-26,TQQQ Buy and Hold,5523.2180085732725,5000.0,-0.004040404040404133
2020-05-27,TQQQ Buy and Hold,5601.640982325835,5000.0,0.014198782961460505
2020-05-28,TQQQ Buy and Hold,5568.0311364318795,5000.0,-0.0060000000000000496
2020-05-29,TQQQ Buy and Hold,5797.69841670724,5000.0,0.041247484909456754
2020-06-01,TQQQ Buy and Hold,6876.512311393701,6000.0,0.011594202898550822
2020-06-02,TQQQ Buy and Hold,7014.436627095007,6000.0,0.02005730659025779
2020-06-03,TQQQ Buy and Hold,7112.953995453084,6000.0,0.014044943820224753
2020-06-04,TQQQ Buy and Hold,6968.461855194572,6000.0,-0.02031394275161594
2020-06-05,TQQQ Buy and Hold,7382.2348022984925,6000.0,0.059377945334590086
2020-06-08,TQQQ Buy and Hold,7546.43041622862,6000.0,0.02224199288256228
2020-06-09,TQQQ Buy and Hold,7710.626030158747,6000.0,0.02175805047867711
2020-06-10,TQQQ Buy and Hold,7993.042486118566,6000.0,0.03662691652470185
2020-06-11,TQQQ Buy and Hold,6817.40189037886,6000.0,-0.14708299096138036
2020-06-12,TQQQ Buy and Hold,6961.8940306373715,6000.0,0.0211946050096338
2020-06-15,TQQQ Buy and Hold,7204.903539253959,6000.0,0.03490566037735859
2020-06-16,TQQQ Buy and Hold,7585.837363571853,6000.0,0.0528714676390155
2020-06-17,TQQQ Buy and Hold,7664.651258258314,6000.0,0.010389610389610322
2020-06-18,TQQQ Buy and Hold,7723.761679273159,6000.0,0.007712082262210785
2020-06-19,TQQQ Buy and Hold,7710.626030158749,6000.0,-0.0017006802721088073
2020-06-22,TQQQ Buy and Hold,7986.474661561361,6000.0,0.03577512776831345
2020-06-23,TQQQ Buy and Hold,8196.645047391925,6000.0,0.026315789473684233
2020-06-24,TQQQ Buy and Hold,7710.62603015875,6000.0,-0.05929487179487181
2020-06-25,TQQQ Buy and Hold,7914.228591432107,6000.0,0.026405451448040927
2020-06-26,TQQQ Buy and Hold,7349.39567951247,6000.0,-0.07136929460580922
2020-06-29,TQQQ Buy and Hold,7579.269539014647,6000.0,0.03127792672028594
2020-06-30,TQQQ Buy and Hold,8019.313784347388,6000.0,0.058058925476603275
2020-07-01,TQQQ Buy and Hold,9336.94727552424,7000.0,0.03521703521703519
2020-07-02,TQQQ Buy and Hold,9536.3915606818,7000.0,0.02136075949367085
2020-07-06,TQQQ Buy and Hold,10238.139971421357,7000.0,0.07358636715724239
2020-07-07,TQQQ Buy and Hold,10038.695686263798,7000.0,-0.01948051948051945
2020-07-08,TQQQ Buy and Hold,10422.810605826504,7000.0,0.03826342899190578
2020-07-09,TQQQ Buy and Hold,10681.349493993712,7000.0,0.024805102763997267
2020-07-10,TQQQ Buy and Hold,10910.341080656093,7000.0,0.021438450899031722
2020-07-13,TQQQ Buy and Hold,10238.139971421358,7000.0,-0.06161137440758295
2020-07-14,TQQQ Buy and Hold,10452.35790733133,7000.0,0.02092352092352099
2020-07-15,TQQQ Buy and Hold,10504.065684964771,7000.0,0.0049469964664311155
2020-07-16,TQQQ Buy and Hold,10275.074098302388,7000.0,-0.021800281293952214
2020-07-17,TQQQ Buy and Hold,10326.781875935829,7000.0,0.0050323508267433705
2020-07-20,TQQQ Buy and Hold,11205.814095704329,7000.0,0.08512160228898423
2020-07-21,TQQQ Buy and Hold,10851.246477646446,7000.0,-0.03164139749505606
2020-07-22,TQQQ Buy and Hold,10969.43568366574,7000.0,0.010891763104152494
2020-07-23,TQQQ Buy and Hold,10112.563940025857,7000.0,-0.07811447811447812
2020-07-24,TQQQ Buy and Hold,9817.090924977621,7000.0,-0.029218407596786
2020-07-27,TQQQ Buy and Hold,10341.55552668824,7000.0,0.053423626787058004
2020-07-28,TQQQ Buy and Hold,9950.05378174933,7000.0,-0.03785714285714281
2020-07-29,TQQQ Buy and Hold,10289.8477490548,7000.0,0.03414996288047506
2020-07-30,TQQQ Buy and Hold,10459.744732707535,7000.0,0.016511127063890914
2020-07-31,TQQQ Buy and Hold,11021.143461299183,7000.0,0.053672316384180775
2020-08-03,TQQQ Buy and Hold,12472.339194431057,8000.0,0.037533512064343195
2020-08-04,TQQQ Buy and Hold,12633.48052769244,8000.0,0.012919896640826828
2020-08-05,TQQQ Buy and Hold,12738.22239431234,8000.0,0.008290816326530663
2020-08-06,TQQQ Buy and Hold,13221.64639409649,8000.0,0.03795066413662237
2020-08-07,TQQQ Buy and Hold,12786.564794290754,8000.0,-0.03290676416819018
2020-08-10,TQQQ Buy and Hold,12617.366394366303,8000.0,-0.013232514177693704
2020-08-11,TQQQ Buy and Hold,11900.287461353148,8000.0,-0.056832694763729284
2020-08-12,TQQQ Buy and Hold,12794.621860953825,8000.0,0.075152335815843
2020-08-13,TQQQ Buy and Hold,12883.249594247585,8000.0,0.006926952141057898
2020-08-14,TQQQ Buy and Hold,12842.964260932238,8000.0,-0.003126954346466586
2020-08-17,TQQQ Buy and Hold,13269.988794074903,8000.0,0.03324968632371389
2020-08-18,TQQQ Buy and Hold,13656.727993902223,8000.0,0.02914389799635704
2020-08-19,TQQQ Buy and Hold,13390.844794020943,8000.0,-0.019469026548672465
2020-08-20,TQQQ Buy and Hold,13938.725327109645,8000.0,0.04091456077015642
2020-08-21,TQQQ Buy and Hold,14236.836793643206,8000.0,0.021387283236994275
2020-08-24,TQQQ Buy and Hold,14494.662926861416,8000.0,0.018109790605545937
2020-08-25,TQQQ Buy and Hold,14833.059726710322,8000.0,0.023346303501945623
2020-08-26,TQQQ Buy and Hold,15783.793592952483,8000.0,0.0640956002172732
2020-08-27,TQQQ Buy and Hold,15638.766393017238,8000.0,-0.009188361408882068
2020-08-28,TQQQ Buy and Hold,15880.478392909316,8000.0,0.015455950540958305
2020-08-31,TQQQ Buy and Hold,16251.103459410499,8000.0,0.02333840690005078
2020-09-01,TQQQ Buy and Hold,18149.15297018794,9000.0,0.05205751115518081
2020-09-02,TQQQ Buy and Hold,18662.324119203622,9000.0,0.02827521206409055
2020-09-03,TQQQ Buy and Hold,15797.1185371994,9000.0,-0.15352887259395057
2020-09-04,TQQQ Buy and Hold,15138.54889596261,9000.0,-0.041689225771521364
2020-09-08,TQQQ Buy and Hold,13000.335775063935,9000.0,-0.14124293785310735
2020-09-09,TQQQ Buy and Hold,14120.759450414842,9000.0,0.08618421052631595
2020-09-10,TQQQ Buy and Hold,13299.685611989751,9000.0,-0.058146577831617245
2020-09-11,TQQQ Buy and Hold,13008.888627547532,9000.0,-0.021864951768488735
2020-09-14,TQQQ Buy and Hold,13684.563973751514,9000.0,0.05193951347797496
2020-09-15,TQQQ Buy and Hold,14266.157942635953,9000.0,0.04249999999999998
2020-09-16,TQQQ Buy and Hold,13581.929743948378,9000.0,-0.04796163069544358
2020-09-17,TQQQ Buy and Hold,12957.571512645964,9000.0,-0.045969773299748135
2020-09-18,TQQQ Buy and Hold,12452.953216113878,9000.0,-0.03894389438943893
2020-09-21,TQQQ Buy and Hold,12598.351708334987,9000.0,0.01167582417582417
2020-09-22,TQQQ Buy and Hold,13291.132759506156,9000.0,0.054989816700610906
2020-09-23,TQQQ Buy and Hold,12059.522001868521,9000.0,-0.09266409266409263
2020-09-24,TQQQ Buy and Hold,12239.131904024009,9000.0,0.014893617021276657
2020-09-25,TQQQ Buy and Hold,13094.41715238348,9000.0,0.06988120195667365
2020-09-28,TQQQ Buy and Hold,13872.726728390595,9000.0,0.05943827563683856
2020-09-29,TQQQ Buy and Hold,13727.328236169487,9000.0,-0.010480887792848222
2020-09-30,TQQQ Buy and Hold,13992.466663160922,9000.0,0.019314641744548205
2020-10-01,TQQQ Buy and Hold,15698.10231906764,10000.0,0.047066014669926624
2020-10-02,TQQQ Buy and Hold,14405.964299809884,10000.0,-0.08231173380035017
2020-10-05,TQQQ Buy and Hold,15313.210143118522,10000.0,0.06297709923664123
2020-10-06,TQQQ Buy and Hold,14488.441194656125,10000.0,-0.05385996409335729
2020-10-07,TQQQ Buy and Hold,15249.061447127004,10000.0,0.05249841872232764
2020-10-08,TQQQ Buy and Hold,15478.163932811005,10000.0,0.01502403846153846
2020-10-09,TQQQ Buy and Hold,16165.471389863003,10000.0,0.04440497335701599
2020-10-12,TQQQ Buy and Hold,17668.38369595004,10000.0,0.09297052154195014
2020-10-13,TQQQ Buy and Hold,17668.38369595004,10000.0,0.0
2020-10-14,TQQQ Buy and Hold,17237.67102286412,10000.0,-0.024377593360995976
2020-10-15,TQQQ Buy and Hold,16880.271145197086,10000.0,-0.020733652312599524
2020-10-16,TQQQ Buy and Hold,16623.676361231006,10000.0,-0.015200868621064121
2020-10-19,TQQQ Buy and Hold,15798.907412768607,10000.0,-0.049614112458655026
2020-10-20,TQQQ Buy and Hold,15899.71250646957,10000.0,0.006380510440835441
2020-10-21,TQQQ Buy and Hold,15853.892009332769,10000.0,-0.002881844380403499
2020-10-22,TQQQ Buy and Hold,15863.056108760125,10000.0,0.0005780346820808099
2020-10-23,TQQQ Buy and Hold,15954.697103033726,10000.0,0.005777007510109846
2020-10-26,TQQQ Buy and Hold,15230.733248272289,10000.0,-0.04537622056289484
2020-10-27,TQQQ Buy and Hold,15588.13312593933,10000.0,0.023465703971119165
2020-10-28,TQQQ Buy and Hold,13764.477339894693,10000.0,-0.11699000587889487
2020-10-29,TQQQ Buy and Hold,14460.948896374051,10000.0,0.050599201065246326
2020-10-30,TQQQ Buy and Hold,13452.897959364454,10000.0,-0.06970849176172368
2020-11-02,TQQQ Buy and Hold,14462.743257701895,11000.0,0.0006811989100817293
2020-11-03,TQQQ Buy and Hold,15191.295334672583,11000.0,0.05037440435670526
2020-11-04,TQQQ Buy and Hold,17239.117388860464,11000.0,0.13480233311730408
2020-11-05,TQQQ Buy and Hold,18568.232664415096,11000.0,0.07709880068532254
2020-11-06,TQQQ Buy and Hold,18627.30445443975,11000.0,0.0031813361611878195
2020-11-09,TQQQ Buy and Hold,17495.09514563395,11000.0,-0.06078224101479926
2020-11-10,TQQQ Buy and Hold,16549.946505239543,11000.0,-0.0540236353404615
2020-11-11,TQQQ Buy and Hold,17662.46521737046,11000.0,0.06722189173111259
2020-11-12,TQQQ Buy and Hold,17406.487460596974,11000.0,-0.014492753623188493
2020-11-13,TQQQ Buy and Hold,17859.371184119296,11000.0,0.026018099547511362
2020-11-16,TQQQ Buy and Hold,18272.873714291847,11000.0,0.02315325248070552
2020-11-17,TQQQ Buy and Hold,18105.50364255534,11000.0,-0.00915948275862059
2020-11-18,TQQQ Buy and Hold,17682.155814045345,11000.0,-0.023382272974442616
2020-11-19,TQQQ Buy and Hold,18125.194239230223,11000.0,0.025055679287305083
2020-11-20,TQQQ Buy and Hold,17751.07290240744,11000.0,-0.020640956002172677
2020-11-23,TQQQ Buy and Hold,17760.91820074488,11000.0,0.0005546311702716588
2020-11-24,TQQQ Buy and Hold,18479.624979378128,11000.0,0.04046563192904659
2020-11-25,TQQQ Buy and Hold,18834.05571952603,11000.0,0.01917954182205644
2020-11-27,TQQQ Buy and Hold,19346.011233072997,11000.0,0.027182435964453716
2020-11-30,TQQQ Buy and Hold,19444.464216447417,11000.0,0.0050890585241731
2020-12-01,TQQQ Buy and Hold,21251.89115765395,12000.0,0.039493670886076006
2020-12-02,TQQQ Buy and Hold,21334.704177264874,12000.0,0.003896736483195241
2020-12-03,TQQQ Buy and Hold,21417.5171968758,12000.0,0.0038816108685105215
2020-12-04,TQQQ Buy and Hold,21686.659510611305,12000.0,0.012566457225712807
2020-12-07,TQQQ Buy and Hold,22048.96647140911,12000.0,0.016706443914081215
2020-12-08,TQQQ Buy and Hold,22255.999020436422,12000.0,0.009389671361502313
2020-12-09,TQQQ Buy and Hold,20765.36466743975,12000.0,-0.06697674418604657
2020-12-10,TQQQ Buy and Hold,21024.155353723894,12000.0,0.012462612163509473
2020-12-11,TQQQ Buy and Hold,20868.88094195341,12000.0,-0.007385524372230359
2020-12-14,TQQQ Buy and Hold,21314.00092236214,12000.0,0.021329365079365066
2020-12-15,TQQQ Buy and Hold,21976.505079249546,12000.0,0.03108305002428366
2020-12-16,TQQQ Buy and Hold,22349.163667498717,12000.0,0.016957136128120557
2020-12-17,TQQQ Buy and Hold,22804.63527535881,12000.0,0.020379805465493343
2020-12-18,TQQQ Buy and Hold,22556.19621652603,12000.0,-0.010894235133908397
2020-12-21,TQQQ Buy and Hold,22473.383196915107,12000.0,-0.003671408903166512
2020-12-22,TQQQ Buy and Hold,22649.360863588325,12000.0,0.007830492860432895
2020-12-23,TQQQ Buy and Hold,22307.757157693257,12000.0,-0.015082266910420397
2020-12-24,TQQQ Buy and Hold,22597.602726331497,12000.0,0.01299303944315534
2020-12-28,TQQQ Buy and Hold,23280.810138121637,12000.0,0.030233623453962445
2020-12-29,TQQQ Buy and Hold,23342.91990282983,12000.0,0.002667852378835139
2020-12-30,TQQQ Buy and Hold,23342.91990282983,12000.0,0.0
2020-12-31,TQQQ Buy and Hold,23529.249196954417,12000.0,0.007982261640798214
2021-01-04,TQQQ Buy and Hold,23450.091731184315,13000.0,-0.04399472063352398
2021-01-05,TQQQ Buy and Hold,24043.62833735787,13000.0,0.025310630464795245
2021-01-06,TQQQ Buy and Hold,23040.011894191673,13000.0,-0.04174147217235187
2021-01-07,TQQQ Buy and Hold,24712.705966135327,13000.0,0.07259953161592492
2021-01-08,TQQQ Buy and Hold,25662.36453601302,13000.0,0.03842794759825339
2021-01-11,TQQQ Buy and Hold,24529.249196954413,13000.0,-0.044154751892346536
2021-01-12,TQQQ Buy and Hold,24432.125025035104,13000.0,-0.0039595248570171515
2021-01-13,TQQQ Buy and Hold,24906.954309973946,13000.0,0.019434628975264916
2021-01-14,TQQQ Buy and Hold,24518.457622296708,13000.0,-0.015597920277296336
2021-01-15,TQQQ Buy and Hold,23924.921016123153,13000.0,-0.024207746478873117
2021-01-19,TQQQ Buy and Hold,24960.912183262444,13000.0,0.043301759133964696
2021-01-20,TQQQ Buy and Hold,26709.147277810007,13000.0,0.07003891050583662
2021-01-21,TQQQ Buy and Hold,27367.433331929766,13000.0,0.024646464646464625
2021-01-22,TQQQ Buy and Hold,27119.22711480264,13000.0,-0.009069400630914843
2021-01-25,TQQQ Buy and Hold,27874.637340841713,13000.0,0.02785515320334259
2021-01-26,TQQQ Buy and Hold,27896.220490157117,13000.0,0.0007742934572204076
2021-01-27,TQQQ Buy and Hold,25651.572961355305,13000.0,-0.08046421663442947
2021-01-28,TQQQ Buy and Hold,26029.27807437484,13000.0,0.01472444257467402
2021-01-29,TQQQ Buy and Hold,24410.54187571969,13000.0,-0.062189054726368154
2021-02-01,TQQQ Buy and Hold,27275.329652629272,14000.0,0.07338638373121133
2021-02-02,TQQQ Buy and Hold,28589.668025511324,14000.0,0.04818780889621079
2021-02-03,TQQQ Buy and Hold,28263.891847617484,14000.0,-0.011394891944990144
2021-02-04,TQQQ Buy and Hold,29263.687703912383,14000.0,0.03537360890302069
2021-02-05,TQQQ Buy and Hold,29578.23022049954,14000.0,0.010748560460652498
2021-02-08,TQQQ Buy and Hold,30151.146947140434,14000.0,0.019369540448158057
2021-02-09,TQQQ Buy and Hold,30139.913285833747,14000.0,-0.00037257824143075867
2021-02-10,TQQQ Buy and Hold,29926.473721006747,14000.0,-0.0070816250465895545
2021-02-11,TQQQ Buy and Hold,30409.52115719417,14000.0,0.01614114114114113
2021-02-12,TQQQ Buy and Hold,30926.269577301642,14000.0,0.016992981159955702
2021-02-16,TQQQ Buy and Hold,30667.895367247904,14000.0,-0.008354522339266271
2021-02-17,TQQQ Buy and Hold,30241.016237593903,14000.0,-0.013919413919413882
2021-02-18,TQQQ Buy and Hold,29836.60443055327,14000.0,-0.01337295690936118
2021-02-19,TQQQ Buy and Hold,29432.19262351264,14000.0,-0.013554216867469859
2021-02-22,TQQQ Buy and Hold,27151.75937825575,14000.0,-0.07748091603053427
2021-02-23,TQQQ Buy and Hold,26915.85249081538,14000.0,-0.00868845676458423
2021-02-24,TQQQ Buy and Hold,27567.40484660306,14000.0,0.0242070116861435
2021-02-25,TQQQ Buy and Hold,24691.587552091903,14000.0,-0.10431947840260794
2021-02-26,TQQQ Buy and Hold,25062.29837521248,14000.0,0.015013648771610478
2021-03-01,TQQQ Buy and Hold,28328.58519044835,15000.0,0.0869565217391305
2021-03-02,TQQQ Buy and Hold,26973.485857626903,15000.0,-0.04783505154639176
2021-03-03,TQQQ Buy and Hold,24625.42580678974,15000.0,-0.08705067128627118
2021-03-04,TQQQ Buy and Hold,23410.50916357051,15000.0,-0.04933586337760907
2021-03-05,TQQQ Buy and Hold,24461.879335587153,15000.0,0.044910179640718674
2021-03-08,TQQQ Buy and Hold,22370.820882354055,15000.0,-0.08548233046800395
2021-03-09,TQQQ Buy and Hold,25010.92820319584,15000.0,0.11801566579634473
2021-03-10,TQQQ Buy and Hold,24788.972277992325,15000.0,-0.008874357776739901
2021-03-11,TQQQ Buy and Hold,26506.210225619507,15000.0,0.06927426955702179
2021-03-12,TQQQ Buy and Hold,25852.024340809152,15000.0,-0.024680475980608296
2021-03-15,TQQQ Buy and Hold,26681.438587622277,15000.0,0.032083145051965696
2021-03-16,TQQQ Buy and Hold,27113.668547229117,15000.0,0.01619964973730302
2021-03-17,TQQQ Buy and Hold,27452.44338043448,15000.0,0.01249461439034895
2021-03-18,TQQQ Buy and Hold,24940.83685839473,15000.0,-0.0914893617021276
2021-03-19,TQQQ Buy and Hold,25256.24790999972,15000.0,0.012646370023419184
2021-03-22,TQQQ Buy and Hold,26599.66535202098,15000.0,0.05319148936170206
2021-03-23,TQQQ Buy and Hold,26260.89051881562,15000.0,-0.012736056214317046
2021-03-24,TQQQ Buy and Hold,24929.154967594543,15000.0,-0.05071174377224202
2021-03-25,TQQQ Buy and Hold,24800.65416879251,15000.0,-0.005154639175257705
2021-03-26,TQQQ Buy and Hold,25887.0700132097,15000.0,0.043805934997644826
2021-03-29,TQQQ Buy and Hold,25875.388122409513,15000.0,-0.00045126353790620773
2021-03-30,TQQQ Buy and Hold,25501.567616803597,15000.0,-0.014446952595936808
2021-03-31,TQQQ Buy and Hold,26658.0748060219,15000.0,0.04535043518094375
2021-04-01,TQQQ Buy and Hold,29064.006741823192,16000.0,0.05083260297984225
2021-04-05,TQQQ Buy and Hold,30809.301558679963,16000.0,0.0600500417014179
2021-04-06,TQQQ Buy and Hold,30724.46083841609,16000.0,-0.0027537372147915136
2021-04-07,TQQQ Buy and Hold,30954.742793418023,16000.0,0.007495069033530482
2021-04-08,TQQQ Buy and Hold,31924.35102500512,16000.0,0.031323414252153514
2021-04-09,TQQQ Buy and Hold,32506.115963957374,16000.0,0.018223234624145802
2021-04-12,TQQQ Buy and Hold,32372.79483211415,16000.0,-0.004101416853094684
2021-04-13,TQQQ Buy and Hold,33487.844298439304,16000.0,0.034444028453762564
2021-04-14,TQQQ Buy and Hold,32312.19431763995,16000.0,-0.03510676800579077
2021-04-15,TQQQ Buy and Hold,33730.24635633608,16000.0,0.04388597149287315
2021-04-16,TQQQ Buy and Hold,33875.687591074144,16000.0,0.004311893639956917
2021-04-19,TQQQ Buy and Hold,32954.5597710664,16000.0,-0.027191413237924796
2021-04-20,TQQQ Buy and Hold,32227.353597376077,16000.0,-0.02206693637366684
2021-04-21,TQQQ Buy and Hold,33051.520594225105,16000.0,0.02557352388115832
2021-04-22,TQQQ Buy and Hold,31839.510304741234,16000.0,-0.036670333700036674
2021-04-23,TQQQ Buy and Hold,33039.40049133027,16000.0,0.03768557289684058
2021-04-26,TQQQ Buy and Hold,33706.0061505464,16000.0,0.020176082171680012
2021-04-27,TQQQ Buy and Hold,33257.56234343737,16000.0,-0.013304566702624863
2021-04-28,TQQQ Buy and Hold,32918.19946238188,16000.0,-0.010204081632653102
2021-04-29,TQQQ Buy and Hold,33245.44224054253,16000.0,0.009941089837997038
2021-04-30,TQQQ Buy and Hold,32627.31699290576,16000.0,-0.01859278162595691
2021-05-03,TQQQ Buy and Hold,33077.68774042142,17000.0,-0.016344725111441354
2021-05-04,TQQQ Buy and Hold,31328.867391607593,17000.0,-0.05287009063444117
2021-05-05,TQQQ Buy and Hold,30966.61174792473,17000.0,-0.011562998405103634
2021-05-06,TQQQ Buy and Hold,31641.15673961006,17000.0,0.02178297700685757
2021-05-07,TQQQ Buy and Hold,32415.634322656184,17000.0,0.024476904855902135
2021-05-10,TQQQ Buy and Hold,29979.777408236932,17000.0,-0.07514450867052021
2021-05-11,TQQQ Buy and Hold,29829.878521195747,17000.0,-0.005000000000000042
2021-05-12,TQQQ Buy and Hold,27556.41206773778,17000.0,-0.07621440536013402
2021-05-13,TQQQ Buy and Hold,28143.51604198242,17000.0,0.021305530371713618
2021-05-14,TQQQ Buy and Hold,29967.28583431683,17000.0,0.06480248557478904
2021-05-17,TQQQ Buy and Hold,29467.622877512884,17000.0,-0.016673614005835707
2021-05-18,TQQQ Buy and Hold,28843.04418150795,17000.0,-0.0211954217888936
2021-05-19,TQQQ Buy and Hold,28955.46834678884,17000.0,0.0038977912516240734
2021-05-20,TQQQ Buy and Hold,30629.339252082067,17000.0,0.05780845556514236
2021-05-21,TQQQ Buy and Hold,30117.18472135802,17000.0,-0.016721044045677005
2021-05-24,TQQQ Buy and Hold,31628.665165689967,17000.0,0.05018664454583164
2021-05-25,TQQQ Buy and Hold,31778.564052731148,17000.0,0.004739336492891035
2021-05-26,TQQQ Buy and Hold,32103.34497465371,17000.0,0.010220125786163443
2021-05-27,TQQQ Buy and Hold,31728.59775705075,17000.0,-0.01167315175097279
2021-05-28,TQQQ Buy and Hold,32040.887105053218,17000.0,0.00984251968503937
2021-06-01,TQQQ Buy and Hold,32718.851168356792,18000.0,-0.009746588693957116
2021-06-02,TQQQ Buy and Hold,32886.309855438936,18000.0,0.005118110236220574
2021-06-03,TQQQ Buy and Hold,31855.794858010373,18000.0,-0.031335683509596576
2021-06-04,TQQQ Buy and Hold,33491.737416428216,18000.0,0.05135463000404365
2021-06-07,TQQQ Buy and Hold,33788.01047818893,18000.0,0.008846153846153863
2021-06-08,TQQQ Buy and Hold,33813.77335312464,18000.0,0.0007624857033930451
2021-06-09,TQQQ Buy and Hold,33852.41766552821,18000.0,0.001142857142857186
2021-06-10,TQQQ Buy and Hold,34895.81410042463,18000.0,0.030821917808219128
2021-06-11,TQQQ Buy and Hold,35179.20572471748,18000.0,0.008121077888519707
2021-06-14,TQQQ Buy and Hold,36158.194972274614,18000.0,0.027828634199926826
2021-06-15,TQQQ Buy and Hold,35488.36022394605,18000.0,-0.018525115781973623
2021-06-16,TQQQ Buy and Hold,35101.91709991034,18000.0,-0.010889292196007285
2021-06-17,TQQQ Buy and Hold,36415.82372163175,18000.0,0.03743119266055044
2021-06-18,TQQQ Buy and Hold,35552.767411285335,18000.0,-0.02370003537318706
2021-06-21,TQQQ Buy and Hold,36196.839284678186,18000.0,0.018115942028985508
2021-06-22,TQQQ Buy and Hold,37214.47284463889,18000.0,0.028113879003558686
2021-06-23,TQQQ Buy and Hold,37278.88003197818,18000.0,0.001730702665282129
2021-06-24,TQQQ Buy and Hold,37961.5962177746,18000.0,0.01831375259156868
2021-06-25,TQQQ Buy and Hold,37845.66328056388,18000.0,-0.003053953172718014
2021-06-28,TQQQ Buy and Hold,39185.33277722101,18000.0,0.035398230088495665
2021-06-29,TQQQ Buy and Hold,39623.301651128146,18000.0,0.011176857330703479
2021-06-30,TQQQ Buy and Hold,39455.842964046,18000.0,-0.004226267880364192
2021-07-01,TQQQ Buy and Hold,40469.05087882369,19000.0,0.0003264773098270181
2021-07-02,TQQQ Buy and Hold,41842.674015702825,19000.0,0.03394255874673626
2021-07-06,TQQQ Buy and Hold,42397.406436365556,19000.0,0.013257575757575812
2021-07-07,TQQQ Buy and Hold,42674.772646696925,19000.0,0.0065420560747663815
2021-07-08,TQQQ Buy and Hold,41935.12941914662,19000.0,-0.017332095326524365
2021-07-09,TQQQ Buy and Hold,42648.35681714155,19000.0,0.017007874015748006
2021-07-12,TQQQ Buy and Hold,43176.67340824891,19000.0,0.012387736141220148
2021-07-13,TQQQ Buy and Hold,43150.25757869355,19000.0,-0.0006118078923216893
2021-07-14,TQQQ Buy and Hold,43388.000044691864,19000.0,0.0055096418732782275
2021-07-15,TQQQ Buy and Hold,42489.86183980935,19000.0,-0.020700152207001513
2021-07-16,TQQQ Buy and Hold,41446.43657237232,19000.0,-0.024557040721168873
2021-07-19,TQQQ Buy and Hold,40455.842964046016,19000.0,-0.02390057361376673
2021-07-20,TQQQ Buy and Hold,41789.842356592104,19000.0,0.03297420829252372
2021-07-21,TQQQ Buy and Hold,42740.81222058535,19000.0,0.022756005056889975
2021-07-22,TQQQ Buy and Hold,43638.95042546786,19000.0,0.021013597033374527
2021-07-23,TQQQ Buy and Hold,45091.8210510131,19000.0,0.03329297820823249
2021-07-26,TQQQ Buy and Hold,45276.73185790068,19000.0,0.004100761570005875
2021-07-27,TQQQ Buy and Hold,43797.44540280007,19000.0,-0.03267211201866991
2021-07-28,TQQQ Buy and Hold,44286.13824957438,19000.0,0.011158021712907255
2021-07-29,TQQQ Buy and Hold,44497.46488601732,19000.0,0.004771846107962916
2021-07-30,TQQQ Buy and Hold,43837.06914713312,19000.0,-0.014841199168892847
2021-08-02,TQQQ Buy and Hold,44810.05072643585,20000.0,-0.0006025911419100941
2021-08-03,TQQQ Buy and Hold,45593.58492665691,20000.0,0.017485679831172694
2021-08-04,TQQQ Buy and Hold,45823.24150258378,20000.0,0.005037037037037087
2021-08-05,TQQQ Buy and Hold,46687.83096489668,20000.0,0.018867924528301903
2021-08-06,TQQQ Buy and Hold,46079.916499207924,20000.0,-0.013020833333333415
2021-08-09,TQQQ Buy and Hold,46323.08228548343,20000.0,0.0052770448548812585
2021-08-10,TQQQ Buy and Hold,45634.11255770284,20000.0,-0.014873140857392768
2021-08-11,TQQQ Buy and Hold,45390.94677142734,20000.0,-0.00532859680284191
2021-08-12,TQQQ Buy and Hold,45850.25992328107,20000.0,0.010119047619047509
2021-08-13,TQQQ Buy and Hold,46309.5730751348,20000.0,0.010017678255745534
2021-08-16,TQQQ Buy and Hold,46404.13754757527,20000.0,0.0020420070011668693
2021-08-17,TQQQ Buy and Hold,45174.79940584911,20000.0,-0.026491994177583803
2021-08-18,TQQQ Buy and Hold,43864.40600203112,20000.0,-0.02900717703349279
2021-08-19,TQQQ Buy and Hold,44485.82967806852,20000.0,0.014166923313828177
2021-08-20,TQQQ Buy and Hold,45863.769133629714,20000.0,0.030974795019738936
2021-08-23,TQQQ Buy and Hold,47903.65989627421,20000.0,0.0444771723122238
2021-08-24,TQQQ Buy and Hold,48376.48225847657,20000.0,0.009870276367738337
2021-08-25,TQQQ Buy and Hold,48430.51909987113,20000.0,0.001117006422786907
2021-08-26,TQQQ Buy and Hold,47606.45726860415,20000.0,-0.017015341701534153
2021-08-27,TQQQ Buy and Hold,49011.415144862614,20000.0,0.02951191827468783
2021-08-30,TQQQ Buy and Hold,50632.5203866993,20000.0,0.03307607497243648
2021-08-31,TQQQ Buy and Hold,50483.91907286428,20000.0,-0.0029348986125933684
2021-09-01,TQQQ Buy and Hold,51773.2319710527,21000.0,0.005619480867005643
2021-09-02,TQQQ Buy and Hold,51704.347947674505,21000.0,-0.0013304949441191368
2021-09-03,TQQQ Buy and Hold,52158.9825019706,21000.0,0.008792965627497956
2021-09-07,TQQQ Buy and Hold,52379.41137678083,21000.0,0.004226096143687366
2021-09-08,TQQQ Buy and Hold,51842.1159944309,21000.0,-0.010257759074171502
2021-09-09,TQQQ Buy and Hold,51277.26700272968,21000.0,-0.010895562051554708
2021-09-10,TQQQ Buy and Hold,50133.792214651614,21000.0,-0.022299838796346005
2021-09-13,TQQQ Buy and Hold,50023.5777772465,21000.0,-0.0021984061555371886
2021-09-14,TQQQ Buy and Hold,49582.72002762604,21000.0,-0.008812999173781335
2021-09-15,TQQQ Buy and Hold,50684.86440167719,21000.0,0.022228396776882386
2021-09-16,TQQQ Buy and Hold,50781.30203440666,21000.0,0.001902690948627352
2021-09-17,TQQQ Buy and Hold,48990.31742657355,21000.0,-0.03526858383071072
2021-09-20,TQQQ Buy and Hold,45973.19720260853,21000.0,-0.06158605174353219
2021-09-21,TQQQ Buy and Hold,46042.08122598673,21000.0,0.0014983518130058217
2021-09-22,TQQQ Buy and Hold,47378.43127952375,21000.0,0.029024536205864718
2021-09-23,TQQQ Buy and Hold,48701.00452838513,21000.0,0.027915091596394326
2021-09-24,TQQQ Buy and Hold,48838.77257514153,21000.0,0.002828854314002869
2021-09-27,TQQQ Buy and Hold,47653.96737303654,21000.0,-0.024259520451339896
2021-09-28,TQQQ Buy and Hold,43686.2476264524,21000.0,-0.08326105810928021
2021-09-29,TQQQ Buy and Hold,43396.93472826397,21000.0,-0.006622516556291418
2021-09-30,TQQQ Buy and Hold,42900.969759940956,21000.0,-0.011428571428571411
2021-10-01,TQQQ Buy and Hold,44704.55205805163,22000.0,0.018304431599229298
2021-10-04,TQQQ Buy and Hold,41955.45472240986,22000.0,-0.061494796594134316
2021-10-05,TQQQ Buy and Hold,43576.717253685776,22000.0,0.03864247311827952
2021-10-06,TQQQ Buy and Hold,44422.59335696017,22000.0,0.019411193788418032
2021-10-07,TQQQ Buy and Hold,45635.01577165346,22000.0,0.02729292288162475
2021-10-08,TQQQ Buy and Hold,44930.11901892481,22000.0,-0.015446400988569555
2021-10-11,TQQQ Buy and Hold,43929.165630050105,22000.0,-0.02227800439284596
2021-10-12,TQQQ Buy and Hold,43478.03170830376,22000.0,-0.010269576379974336
2021-10-13,TQQQ Buy and Hold,44507.1809672876,22000.0,0.023670557717250337
2021-10-14,TQQQ Buy and Hold,46960.221666783335,22000.0,0.05511561609122591
2021-10-15,TQQQ Buy and Hold,47834.29364016686,22000.0,0.018613029120384192
2021-10-18,TQQQ Buy and Hold,49258.185080678755,22000.0,0.029767167698202122
2021-10-19,TQQQ Buy and Hold,50343.72607988089,22000.0,0.022037779049799748
2021-10-20,TQQQ Buy and Hold,50188.64879428059,22000.0,-0.003080369644357307
2021-10-21,TQQQ Buy and Hold,51090.916637773276,22000.0,0.017977528089887656
2021-10-22,TQQQ Buy and Hold,49793.906612752544,22000.0,-0.02538631346578371
2021-10-25,TQQQ Buy and Hold,51288.28772853731,22000.0,0.030011325028312635
2021-10-26,TQQQ Buy and Hold,51767.61752039279,22000.0,0.009345794392523261
2021-10-27,TQQQ Buy and Hold,52176.45763697541,22000.0,0.007897603485838758
2021-10-28,TQQQ Buy and Hold,53882.30777857877,22000.0,0.032693866522561496
2021-10-29,TQQQ Buy and Hold,54685.890076689444,22000.0,0.014913657770800635
2021-11-01,TQQQ Buy and Hold,56231.40794802593,23000.0,0.009796339262696638
2021-11-02,TQQQ Buy and Hold,56977.90608774952,23000.0,0.013275465917794127
2021-11-03,TQQQ Buy and Hold,58801.084236689865,23000.0,0.03199798437893684
2021-11-04,TQQQ Buy and Hold,60983.15572203578,23000.0,0.0371093749999999
2021-11-05,TQQQ Buy and Hold,61212.84745733535,23000.0,0.0037664783427496166
2021-11-08,TQQQ Buy and Hold,60968.79998857956,23000.0,-0.00398686679174488
2021-11-09,TQQQ Buy and Hold,59705.49544443193,23000.0,-0.020720508594301752
2021-11-10,TQQQ Buy and Hold,57092.751955399326,23000.0,-0.043760519355614334
2021-11-11,TQQQ Buy and Hold,57552.13542599846,23000.0,0.008046266029670613
2021-11-12,TQQQ Buy and Hold,59375.31357493879,23000.0,0.031678722873534446
2021-11-15,TQQQ Buy and Hold,59360.95784148257,23000.0,-0.00024177949709859792
2021-11-16,TQQQ Buy and Hold,60595.550918717745,23000.0,0.020798065296251497
2021-11-17,TQQQ Buy and Hold,60667.329585998865,23000.0,0.0011845534233593262
2021-11-18,TQQQ Buy and Hold,62519.21920185165,23000.0,0.030525319451017493
2021-11-19,TQQQ Buy and Hold,63567.18774415594,23000.0,0.016762342135476557
2021-11-22,TQQQ Buy and Hold,61370.760525353806,23000.0,-0.034552845528455306
2021-11-23,TQQQ Buy and Hold,60538.12798489287,23000.0,-0.013567251461988264
2021-11-24,TQQQ Buy and Hold,61098.00158968557,23000.0,0.009248280768318722
2021-11-26,TQQQ Buy and Hold,57724.40422747313,23000.0,-0.055216165413533864
2021-11-29,TQQQ Buy and Hold,61313.33759152891,23000.0,0.062173588659537427
2021-11-30,TQQQ Buy and Hold,58671.88263558385,23000.0,-0.043081245609927495
2021-12-01,TQQQ Buy and Hold,56620.39658937954,24000.0,-0.05113775385368232
2021-12-02,TQQQ Buy and Hold,57686.2266437954,24000.0,0.018824136152655928
2021-12-03,TQQQ Buy and Hold,54780.74471463436,24000.0,-0.0503669956972917
2021-12-06,TQQQ Buy and Hold,56065.58094461512,24000.0,0.023454157782515868
2021-12-07,TQQQ Buy and Hold,61117.32339431221,24000.0,0.0901041666666667
2021-12-08,TQQQ Buy and Hold,61964.14727316316,24000.0,0.01385570950788338
2021-12-09,TQQQ Buy and Hold,59292.271931271345,24000.0,-0.043119698397737945
2021-12-10,TQQQ Buy and Hold,61131.92380601652,24000.0,0.031026840679635508
2021-12-13,TQQQ Buy and Hold,58503.84969923769,24000.0,-0.042990207786004236
2021-12-14,TQQQ Buy and Hold,56766.4007064228,24000.0,-0.02969802845021207
2021-12-15,TQQQ Buy and Hold,60518.7065144348,24000.0,0.06610082304526749
2021-12-16,TQQQ Buy and Hold,55890.37600416319,24000.0,-0.07647768395657423
2021-12-17,TQQQ Buy and Hold,55043.552125312235,24000.0,-0.015151515151515107
2021-12-20,TQQQ Buy and Hold,53393.7056027233,24000.0,-0.029973474801061075
2021-12-21,TQQQ Buy and Hold,56970.80647028338,24000.0,0.06699480448455025
2021-12-22,TQQQ Buy and Hold,59000.2636971848,24000.0,0.03562275756022536
2021-12-23,TQQQ Buy and Hold,60401.90322080018,24000.0,0.023756495916852288
2021-12-27,TQQQ Buy and Hold,63292.7847382569,24000.0,0.04786076867295151
2021-12-28,TQQQ Buy and Hold,62548.16374133623,24000.0,-0.011764705882352894
2021-12-29,TQQQ Buy and Hold,62445.96085940595,24000.0,-0.0016339869281045817
2021-12-30,TQQQ Buy and Hold,61861.944391232864,24000.0,-0.009352349777881824
2021-12-31,TQQQ Buy and Hold,60708.51186659104,24000.0,-0.018645267878215698
2022-01-03,TQQQ Buy and Hold,63489.421299970294,25000.0,0.02886002886002893
2022-01-04,TQQQ Buy and Hold,61025.82991712899,25000.0,-0.03880317905563356
2022-01-05,TQQQ Buy and Hold,55415.965201984356,25000.0,-0.09192607003891036
2022-01-06,TQQQ Buy and Hold,55267.55608253608,25000.0,-0.0026780931976433157
2022-01-07,TQQQ Buy and Hold,53456.964825267176,25000.0,-0.03276047261009664
2022-01-10,TQQQ Buy and Hold,53649.896680549915,25000.0,0.0036091060521930996
2022-01-11,TQQQ Buy and Hold,56009.60167977743,25000.0,0.04398340248962665
2022-01-12,TQQQ Buy and Hold,56647.760893405,25000.0,0.011393746687864326
2022-01-13,TQQQ Buy and Hold,52536.82828468789,25000.0,-0.07257008121561444
2022-01-14,TQQQ Buy and Hold,53338.237529708545,25000.0,0.01525423728813557
2022-01-18,TQQQ Buy and Hold,49494.44133599834,25000.0,-0.07206455203116295
2022-01-19,TQQQ Buy and Hold,47772.89555039839,25000.0,-0.034782608695652285
2022-01-20,TQQQ Buy and Hold,45917.78155729501,25000.0,-0.038831935383659415
2022-01-21,TQQQ Buy and Hold,42044.30353969514,25000.0,-0.08435681965093739
2022-01-24,TQQQ Buy and Hold,42667.62184137788,25000.0,0.014825273561595543
2022-01-25,TQQQ Buy and Hold,39521.34850907453,25000.0,-0.07373913043478264
2022-01-26,TQQQ Buy and Hold,39447.14394935039,25000.0,-0.0018775816748028806
2022-01-27,TQQQ Buy and Hold,38259.870993764234,25000.0,-0.03009781790820155
2022-01-28,TQQQ Buy and Hold,41821.68986052273,25000.0,0.09309542280837853
2022-01-31,TQQQ Buy and Hold,45888.09973340536,25000.0,0.09723207948899937
2022-02-01,TQQQ Buy and Hold,47767.630711586964,26000.0,0.018758085381629958
2022-02-02,TQQQ Buy and Hold,48904.95525233903,26000.0,0.023809523809523808
2022-02-03,TQQQ Buy and Hold,43021.19629484832,26000.0,-0.12031007751937982
2022-02-04,TQQQ Buy and Hold,44507.30036143103,26000.0,0.034543531899894266
2022-02-07,TQQQ Buy and Hold,43491.29043835918,26000.0,-0.022827938671209597
2022-02-08,TQQQ Buy and Hold,44977.39450494189,26000.0,0.034170153417015355
2022-02-09,TQQQ Buy and Hold,47767.63071158697,26000.0,0.06203641267700606
2022-02-10,TQQQ Buy and Hold,44598.2863246912,26000.0,-0.06634920634920634
2022-02-11,TQQQ Buy and Hold,40397.76768751356,26000.0,-0.09418565113906834
2022-02-14,TQQQ Buy and Hold,40519.082305193784,26000.0,0.003003003003002939
2022-02-15,TQQQ Buy and Hold,43445.79745672911,26000.0,0.07223053892215568
2022-02-16,TQQQ Buy and Hold,43445.79745672911,26000.0,0.0
2022-02-17,TQQQ Buy and Hold,39578.89401817207,26000.0,-0.08900523560209414
2022-02-18,TQQQ Buy and Hold,38244.43322368963,26000.0,-0.033716475095785535
2022-02-22,TQQQ Buy and Hold,37061.61570130748,26000.0,-0.030927835051546296
2022-02-23,TQQQ Buy and Hold,34225.88651303231,26000.0,-0.07651391162029464
2022-02-24,TQQQ Buy and Hold,37577.20282644841,26000.0,0.09791758972086845
2022-02-25,TQQQ Buy and Hold,39351.429110021636,26000.0,0.047215496368038665
2022-02-28,TQQQ Buy and Hold,39776.03027190241,26000.0,0.010789980732177308
2022-03-01,TQQQ Buy and Hold,38895.01629443379,27000.0,-0.04613038505528025
2022-03-02,TQQQ Buy and Hold,40760.48470184069,27000.0,0.04796163069544362
2022-03-03,TQQQ Buy and Hold,39050.47199505103,27000.0,-0.04195270785659794
2022-03-04,TQQQ Buy and Hold,37387.09599844655,27000.0,-0.0425955414012739
2022-03-07,TQQQ Buy and Hold,33205.337651842754,27000.0,-0.1118503118503119
2022-03-08,TQQQ Buy and Hold,32754.516120052755,27000.0,-0.013576779026217189
2022-03-09,TQQQ Buy and Hold,36252.269383940686,27000.0,0.10678690080683435
2022-03-10,TQQQ Buy and Hold,35086.35162931138,27000.0,-0.03216123499142367
2022-03-11,TQQQ Buy and Hold,32909.97182067,27000.0,-0.062029242357111145
2022-03-14,TQQQ Buy and Hold,30982.3211330162,27000.0,-0.05857345299952772
2022-03-15,TQQQ Buy and Hold,33842.706024373445,27000.0,0.09232313095835423
2022-03-16,TQQQ Buy and Hold,37651.37068949586,27000.0,0.11254019292604499
2022-03-17,TQQQ Buy and Hold,38910.56186449552,27000.0,0.03344343517753932
2022-03-18,TQQQ Buy and Hold,41320.12522406275,27000.0,0.06192568917299229
2022-03-21,TQQQ Buy and Hold,41040.30496295172,27000.0,-0.006772009029345362
2022-03-22,TQQQ Buy and Hold,43449.86832251897,27000.0,0.05871212121212124
2022-03-23,TQQQ Buy and Hold,41615.49105523552,27000.0,-0.04221824686940965
2022-03-24,TQQQ Buy and Hold,44320.420245975525,27000.0,0.06499813223757946
2022-03-25,TQQQ Buy and Hold,44258.23796572862,27000.0,-0.0014030164854437986
2022-03-28,TQQQ Buy and Hold,46263.61650369104,27000.0,0.04531085353003171
2022-03-29,TQQQ Buy and Hold,48626.54315307311,27000.0,0.05107526881720428
2022-03-30,TQQQ Buy and Hold,47165.25956727104,27000.0,-0.030051150895140703
2022-03-31,TQQQ Buy and Hold,45222.063309555524,27000.0,-0.04119973632168754
2022-04-01,TQQQ Buy and Hold,46031.391339904556,28000.0,-0.004125128910278481
2022-04-04,TQQQ Buy and Hold,48891.47088466908,28000.0,0.06213324128408702
2022-04-05,TQQQ Buy and Hold,45665.93673140686,28000.0,-0.06597335066623339
2022-04-06,TQQQ Buy and Hold,42662.853209404115,28000.0,-0.06576200417536525
2022-04-07,TQQQ Buy and Hold,42932.97183307631,28000.0,0.0063314711359403406
2022-04-08,TQQQ Buy and Hold,41185.14544460911,28000.0,-0.04071058475203545
2022-04-11,TQQQ Buy and Hold,38261.508576627595,28000.0,-0.07098765432098778
2022-04-12,TQQQ Buy and Hold,37768.93932169593,28000.0,-0.012873754152823868
2022-04-13,TQQQ Buy and Hold,40025.224295899054,28000.0,0.059739167017248705
2022-04-14,TQQQ Buy and Hold,37339.92738998125,28000.0,-0.06709011512504967
2022-04-18,TQQQ Buy and Hold,37451.15270561098,28000.0,0.0029787234042553314
2022-04-19,TQQQ Buy and Hold,39850.44165705232,28000.0,0.06406448875689427
2022-04-20,TQQQ Buy and Hold,38054.947276172374,28000.0,-0.04505582137161081
2022-04-21,TQQQ Buy and Hold,35830.44096357775,28000.0,-0.058455114822546915
2022-04-22,TQQQ Buy and Hold,32970.36141881323,28000.0,-0.07982261640798229
2022-04-25,TQQQ Buy and Hold,34193.839890740266,28000.0,0.03710843373493974
2022-04-26,TQQQ Buy and Hold,30348.621836112416,28000.0,-0.11245353159851293
2022-04-27,TQQQ Buy and Hold,30221.507189678436,28000.0,-0.004188481675392767
2022-04-28,TQQQ Buy and Hold,33415.26268133215,28000.0,0.10567823343848588
2022-04-29,TQQQ Buy and Hold,29013.918048555635,28000.0,-0.13171659533999047
2022-05-02,TQQQ Buy and Hold,31443.934954483528,29000.0,0.047645125958378824
2022-05-03,TQQQ Buy and Hold,31509.682858204353,29000.0,0.002090956612650429
2022-05-04,TQQQ Buy and Hold,34632.70828494343,29000.0,0.09911319770474691
2022-05-05,TQQQ Buy and Hold,29471.497842858833,29000.0,-0.14902705268153776
2022-05-06,TQQQ Buy and Hold,28452.40533518608,29000.0,-0.034578918014500894
2022-05-09,TQQQ Buy and Hold,25082.82526949391,29000.0,-0.1184286539572501
2022-05-10,TQQQ Buy and Hold,25937.548017864607,29000.0,0.03407601572739185
2022-05-11,TQQQ Buy and Hold,23636.37138763581,29000.0,-0.08871989860583007
2022-05-12,TQQQ Buy and Hold,23455.564652403544,29000.0,-0.007649513212795633
2022-05-13,TQQQ Buy and Hold,25986.858945655225,29000.0,0.10791871058163988
2022-05-16,TQQQ Buy and Hold,25181.447125075145,29000.0,-0.03099304237824163
2022-05-17,TQQQ Buy and Hold,27088.136332979007,29000.0,0.07571801566579635
2022-05-18,TQQQ Buy and Hold,23126.82513379943,29000.0,-0.14623786407766992
2022-05-19,TQQQ Buy and Hold,22666.589807753666,29000.0,-0.01990049751243789
2022-05-20,TQQQ Buy and Hold,22469.346096591198,29000.0,-0.008701957940536565
2022-05-23,TQQQ Buy and Hold,23587.060459845183,29000.0,0.049743964886613
2022-05-24,TQQQ Buy and Hold,22107.732626126668,29000.0,-0.06271777003484323
2022-05-25,TQQQ Buy and Hold,22995.329326357776,29000.0,0.04014869888475844
2022-05-26,TQQQ Buy and Hold,24918.45551019184,29000.0,0.08363116511794139
2022-05-27,TQQQ Buy and Hold,27367.564923792484,29000.0,0.09828496042216349
2022-05-31,TQQQ Buy and Hold,27153.88423669981,29000.0,-0.007807807807807749
2022-06-01,TQQQ Buy and Hold,27506.27673004449,30000.0,-0.023002421307505995
2022-06-02,TQQQ Buy and Hold,29738.818397724677,30000.0,0.08116480793060711
2022-06-03,TQQQ Buy and Hold,27386.980610397455,30000.0,-0.07908309455587387
2022-06-06,TQQQ Buy and Hold,27727.826666531833,30000.0,0.012445550715619121
2022-06-07,TQQQ Buy and Hold,28409.518778800597,30000.0,0.024585125998770874
2022-06-08,TQQQ Buy and Hold,27830.080483372145,30000.0,-0.020395920815837035
2022-06-09,TQQQ Buy and Hold,25546.411907271802,30000.0,-0.08205756276791171
2022-06-10,TQQQ Buy and Hold,22836.685761003482,30000.0,-0.10607071380920613
2022-06-13,TQQQ Buy and Hold,19666.817438953745,30000.0,-0.1388059701492538
2022-06-14,TQQQ Buy and Hold,19786.113558600777,30000.0,0.0060658578856152764
2022-06-15,TQQQ Buy and Hold,21217.666994365172,30000.0,0.07235142118863049
2022-06-16,TQQQ Buy and Hold,18627.236967743884,30000.0,-0.1220883534136546
2022-06-17,TQQQ Buy and Hold,19325.971382819363,30000.0,0.037511436413540725
2022-06-21,TQQQ Buy and Hold,20774.567121390482,30000.0,0.07495590828924159
2022-06-22,TQQQ Buy and Hold,20706.397910163607,30000.0,-0.003281378178835041
2022-06-23,TQQQ Buy and Hold,21575.555353306274,30000.0,0.04197530864197529
2022-06-24,TQQQ Buy and Hold,23842.181626599904,30000.0,0.10505529225908374
2022-06-27,TQQQ Buy and Hold,23279.785633978176,30000.0,-0.023588277340957833
2022-06-28,TQQQ Buy and Hold,21149.497783138297,30000.0,-0.09150805270863836
2022-06-29,TQQQ Buy and Hold,21200.624691558452,30000.0,0.0024174053182916488
2022-06-30,TQQQ Buy and Hold,20450.763368062817,30000.0,-0.03536977491961411
2022-07-01,TQQQ Buy and Hold,21790.40045472381,31000.0,0.015833333333333293
2022-07-05,TQQQ Buy and Hold,22916.56553154711,31000.0,0.05168170631665306
2022-07-06,TQQQ Buy and Hold,23363.456435048418,31000.0,0.01950078003120125
2022-07-07,TQQQ Buy and Hold,24811.382962392658,31000.0,0.0619739862280031
2022-07-08,TQQQ Buy and Hold,24918.63677923297,31000.0,0.004322766570605095
2022-07-11,TQQQ Buy and Hold,23345.580798908366,31000.0,-0.06312769010043034
2022-07-12,TQQQ Buy and Hold,22666.306625586378,31000.0,-0.02909647779479332
2022-07-13,TQQQ Buy and Hold,22523.30153646596,31000.0,-0.006309148264984233
2022-07-14,TQQQ Buy and Hold,22755.684806286637,31000.0,0.01031746031746038
2022-07-15,TQQQ Buy and Hold,23953.352427670143,31000.0,0.05263157894736841
2022-07-18,TQQQ Buy and Hold,23399.20770732852,31000.0,-0.023134328358208993
2022-07-19,TQQQ Buy and Hold,25437.03022729449,31000.0,0.0870893812070283
2022-07-20,TQQQ Buy and Hold,26706.200393238207,31000.0,0.049894588896697054
2022-07-21,TQQQ Buy and Hold,27850.24110620156,31000.0,0.04283801874163324
2022-07-22,TQQQ Buy and Hold,26402.314578857317,31000.0,-0.05198973042362006
2022-07-25,TQQQ Buy and Hold,26009.050583776167,31000.0,-0.014895057549085908
2022-07-26,TQQQ Buy and Hold,24418.118967311508,31000.0,-0.061168384879725125
2022-07-27,TQQQ Buy and Hold,27474.85274726046,31000.0,0.1251830161054172
2022-07-28,TQQQ Buy and Hold,28261.38073742276,31000.0,0.028627195836044325
2022-07-29,TQQQ Buy and Hold,29816.561081607313,31000.0,0.05502846299810241
2022-08-01,TQQQ Buy and Hold,30779.61076855982,32000.0,-0.0011990407673860657
2022-08-02,TQQQ Buy and Hold,30484.008264179894,32000.0,-0.009603841536614654
2022-08-03,TQQQ Buy and Hold,32922.72892531429,32000.0,0.08000000000000002
2022-08-04,TQQQ Buy and Hold,33403.08299493166,32000.0,0.014590347923681145
2022-08-05,TQQQ Buy and Hold,32608.65126441061,32000.0,-0.02378318584070795
2022-08-08,TQQQ Buy and Hold,32276.098446983196,32000.0,-0.010198300283286103
2022-08-09,TQQQ Buy and Hold,31149.11389903473,32000.0,-0.03491700057240982
2022-08-10,TQQQ Buy and Hold,33717.160655835345,32000.0,0.08244365361803088
2022-08-11,TQQQ Buy and Hold,33218.33142969422,32000.0,-0.014794520547945183
2022-08-12,TQQQ Buy and Hold,35084.322238592504,32000.0,0.05617352614015562
2022-08-15,TQQQ Buy and Hold,35915.70428216105,32000.0,0.023696682464455127
2022-08-16,TQQQ Buy and Hold,35694.002403876104,32000.0,-0.00617283950617289
2022-08-17,TQQQ Buy and Hold,34456.16691678516,32000.0,-0.0346790890269152
2022-08-18,TQQQ Buy and Hold,34677.8687950701,32000.0,0.006434316353887453
2022-08-19,TQQQ Buy and Hold,32645.60157745811,32000.0,-0.058604155567394664
2022-08-22,TQQQ Buy and Hold,30077.5548206575,32000.0,-0.078664402942841
2022-08-23,TQQQ Buy and Hold,29985.179038038772,32000.0,-0.003071253071253115
2022-08-24,TQQQ Buy and Hold,30206.88091632372,32000.0,0.007393715341959396
2022-08-25,TQQQ Buy and Hold,31814.21953388956,32000.0,0.05321100917431176
2022-08-26,TQQQ Buy and Hold,27934.43666390303,32000.0,-0.1219512195121951
2022-08-29,TQQQ Buy and Hold,27066.104307286998,32000.0,-0.03108465608465601
2022-08-30,TQQQ Buy and Hold,26160.821637623474,32000.0,-0.03344709897610923
2022-08-31,TQQQ Buy and Hold,25680.467568006094,32000.0,-0.018361581920903938
2022-09-01,TQQQ Buy and Hold,26718.856729974446,33000.0,0.0014388489208632786
2022-09-02,TQQQ Buy and Hold,25605.571032892178,33000.0,-0.04166666666666667
2022-09-06,TQQQ Buy and Hold,25010.539022382687,33000.0,-0.02323838080959524
2022-09-07,TQQQ Buy and Hold,26507.716339148497,33000.0,0.059861857252494335
2022-09-08,TQQQ Buy and Hold,26929.99712080039,33000.0,0.015930485155684203
2022-09-09,TQQQ Buy and Hold,28638.31482839215,33000.0,0.0634354953670706
2022-09-12,TQQQ Buy and Hold,29694.01678252189,33000.0,0.03686327077747994
2022-09-13,TQQQ Buy and Hold,24799.398631556738,33000.0,-0.1648351648351649
2022-09-14,TQQQ Buy and Hold,25356.041480097872,33000.0,0.022445820433436604
2022-09-15,TQQQ Buy and Hold,24089.19913514219,33000.0,-0.04996214988644967
2022-09-16,TQQQ Buy and Hold,23609.334610537764,33000.0,-0.0199203187250996
2022-09-19,TQQQ Buy and Hold,24185.172040063077,33000.0,0.024390243902438935
2022-09-20,TQQQ Buy and Hold,23609.334610537768,33000.0,-0.023809523809523725
2022-09-21,TQQQ Buy and Hold,22304.103103613725,33000.0,-0.05528455284552857
2022-09-22,TQQQ Buy and Hold,21478.736121294114,33000.0,-0.037005163511187586
2022-09-23,TQQQ Buy and Hold,20442.228748148555,33000.0,-0.048257372654155424
2022-09-26,TQQQ Buy and Hold,20173.504614370075,33000.0,-0.01314553990610334
2022-09-27,TQQQ Buy and Hold,20192.69919535425,33000.0,0.0009514747859181529
2022-09-28,TQQQ Buy and Hold,21382.763216373227,33000.0,0.05893536121673013
2022-09-29,TQQQ Buy and Hold,19559.278022876406,33000.0,-0.0852782764811491
2022-09-30,TQQQ Buy and Hold,18541.965230715025,33000.0,-0.05201177625122663
2022-10-03,TQQQ Buy and Hold,20897.360334708716,34000.0,0.06935817805383022
2022-10-04,TQQQ Buy and Hold,22839.41899117729,34000.0,0.09293320425943843
2022-10-05,TQQQ Buy and Hold,22839.41899117729,34000.0,0.0
2022-10-06,TQQQ Buy and Hold,22272.985216373956,34000.0,-0.024800708591673992
2022-10-07,TQQQ Buy and Hold,19724.033229758952,34000.0,-0.11444141689373295
2022-10-10,TQQQ Buy and Hold,19096.910121940975,34000.0,-0.031794871794871844
2022-10-11,TQQQ Buy and Hold,18348.40834809371,34000.0,-0.039194915254237205
2022-10-12,TQQQ Buy and Hold,18307.948792750616,34000.0,-0.0022050716648290597
2022-10-13,TQQQ Buy and Hold,19521.735453043475,34000.0,0.06629834254143642
2022-10-14,TQQQ Buy and Hold,17761.74479561883,34000.0,-0.09015544041450788
2022-10-17,TQQQ Buy and Hold,19521.73545304348,34000.0,0.09908883826879283
2022-10-18,TQQQ Buy and Hold,20007.250117160624,34000.0,0.024870466321243543
2022-10-19,TQQQ Buy and Hold,19764.49278510205,34000.0,-0.012133468149646207
2022-10-20,TQQQ Buy and Hold,19420.586564685742,34000.0,-0.01740020470829068
2022-10-21,TQQQ Buy and Hold,20796.211446350982,34000.0,0.0708333333333333
2022-10-24,TQQQ Buy and Hold,21524.4834425267,34000.0,0.035019455252918406
2022-10-25,TQQQ Buy and Hold,22798.9594358342,34000.0,0.05921052631578938
2022-10-26,TQQQ Buy and Hold,21301.955888139673,34000.0,-0.06566104702750668
2022-10-27,TQQQ Buy and Hold,20128.62878318991,34000.0,-0.05508072174738842
2022-10-28,TQQQ Buy and Hold,21949.308773629196,34000.0,0.09045226130653271
2022-10-31,TQQQ Buy and Hold,21200.806999781937,34000.0,-0.034101382488479194
2022-11-01,TQQQ Buy and Hold,21501.735787002544,35000.0,-0.031488549618320615
2022-11-02,TQQQ Buy and Hold,19277.418291795384,35000.0,-0.10344827586206903
2022-11-03,TQQQ Buy and Hold,18154.66755611939,35000.0,-0.058241758241758174
2022-11-04,TQQQ Buy and Hold,19023.210578057424,35000.0,0.04784130688448076
2022-11-07,TQQQ Buy and Hold,19616.361910112664,35000.0,0.031180400890868525
2022-11-08,TQQQ Buy and Hold,20040.041433009268,35000.0,0.02159827213822906
2022-11-09,TQQQ Buy and Hold,18641.89900745048,35000.0,-0.06976744186046513
2022-11-10,TQQQ Buy and Hold,22730.406403402685,35000.0,0.21931818181818177
2022-11-11,TQQQ Buy and Hold,24022.62894823732,35000.0,0.056849953401677485
2022-11-14,TQQQ Buy and Hold,23365.92568774759,35000.0,-0.027336860670194047
2022-11-15,TQQQ Buy and Hold,24319.204614264945,35000.0,0.040797824116047245
2022-11-16,TQQQ Buy and Hold,23344.741711602757,35000.0,-0.0400696864111499
2022-11-17,TQQQ Buy and Hold,23154.085926299285,35000.0,-0.008166969147005432
2022-11-18,TQQQ Buy and Hold,23132.901950154457,35000.0,-0.0009149130832570711
2022-11-21,TQQQ Buy and Hold,22433.830737375065,35000.0,-0.030219780219780227
2022-11-22,TQQQ Buy and Hold,23365.92568774759,35000.0,0.041548630783758214
2022-11-23,TQQQ Buy and Hold,24064.996900526985,35000.0,0.029918404351767913
2022-11-25,TQQQ Buy and Hold,23577.765449195897,35000.0,-0.02024647887323932
2022-11-28,TQQQ Buy and Hold,22539.75061809922,35000.0,-0.04402515723270442
2022-11-29,TQQQ Buy and Hold,22010.15121447847,35000.0,-0.023496240601503758
2022-11-30,TQQQ Buy and Hold,24954.72389860985,35000.0,0.1337824831568815
2022-12-01,TQQQ Buy and Hold,26108.954006666107,36000.0,0.005942275042444847
2022-12-02,TQQQ Buy and Hold,25778.460917974127,36000.0,-0.012658227848101297
2022-12-05,TQQQ Buy and Hold,24478.521435785686,36000.0,-0.05042735042735042
2022-12-06,TQQQ Buy and Hold,22936.220355223133,36000.0,-0.06300630063006295
2022-12-07,TQQQ Buy and Hold,22649.793011690086,36000.0,-0.012487992315081728
2022-12-08,TQQQ Buy and Hold,23465.009297130295,36000.0,0.035992217898832786
2022-12-09,TQQQ Buy and Hold,23002.318972961526,36000.0,-0.019718309859155007
2022-12-12,TQQQ Buy and Hold,23839.5681309812,36000.0,0.03639846743295027
2022-12-13,TQQQ Buy and Hold,24588.68579868301,36000.0,0.03142329020332716
2022-12-14,TQQQ Buy and Hold,24015.83111161692,36000.0,-0.023297491039426504
2022-12-15,TQQQ Buy and Hold,21636.280873034695,36000.0,-0.09908256880733946
2022-12-16,TQQQ Buy and Hold,20997.327568230205,36000.0,-0.029531568228106
2022-12-19,TQQQ Buy and Hold,20138.04553763107,36000.0,-0.04092339979013629
2022-12-20,TQQQ Buy and Hold,20049.914047313207,36000.0,-0.00437636761487975
2022-12-21,TQQQ Buy and Hold,20909.196077912344,36000.0,0.04285714285714292
2022-12-22,TQQQ Buy and Hold,19322.82925219086,36000.0,-0.0758693361433088
2022-12-23,TQQQ Buy and Hold,19388.927869929255,36000.0,0.003420752565564554
2022-12-27,TQQQ Buy and Hold,18551.678711909582,36000.0,-0.043181818181818266
2022-12-28,TQQQ Buy and Hold,17802.56104420777,36000.0,-0.040380047505938224
2022-12-29,TQQQ Buy and Hold,19058.43478123728,36000.0,0.07054455445544558
2022-12-30,TQQQ Buy and Hold,19058.43478123728,36000.0,0.0
2023-01-03,TQQQ Buy and Hold,19594.65594236474,37000.0,-0.023121387283237118
2023-01-04,TQQQ Buy and Hold,19919.30112957552,37000.0,0.016568047337278177
2023-01-05,TQQQ Buy and Hold,18968.554509886817,37000.0,-0.04772991850989525
2023-01-06,TQQQ Buy and Hold,20452.646794278942,37000.0,0.07823960880195606
2023-01-09,TQQQ Buy and Hold,20893.236691207854,37000.0,0.021541950113378627
2023-01-10,TQQQ Buy and Hold,21426.582355911276,37000.0,0.02552719200887907
2023-01-11,TQQQ Buy and Hold,22493.273685318112,37000.0,0.04978354978354968
2023-01-12,TQQQ Buy and Hold,22841.107814472514,37000.0,0.015463917525773233
2023-01-13,TQQQ Buy and Hold,23304.886653345053,37000.0,0.02030456852791889
2023-01-17,TQQQ Buy and Hold,23420.831363063186,37000.0,0.004975124378109346
2023-01-18,TQQQ Buy and Hold,22562.840511148992,37000.0,-0.036633663366336555
2023-01-19,TQQQ Buy and Hold,21867.172252840184,37000.0,-0.030832476875642414
2023-01-20,TQQQ Buy and Hold,23629.531840555832,37000.0,0.08059384941675501
2023-01-23,TQQQ Buy and Hold,25183.190950778837,37000.0,0.06575073601570167
2023-01-24,TQQQ Buy and Hold,25044.057299117077,37000.0,-0.005524861878452921
2023-01-25,TQQQ Buy and Hold,24858.54576356806,37000.0,-0.007407407407407414
2023-01-26,TQQQ Buy and Hold,26296.26016407293,37000.0,0.05783582089552231
2023-01-27,TQQQ Buy and Hold,27038.30630626899,37000.0,0.028218694885361578
2023-01-30,TQQQ Buy and Hold,25438.269312158733,37000.0,-0.05917667238421951
2023-01-31,TQQQ Buy and Hold,26551.338525452826,37000.0,0.043755697356426496
2023-02-01,TQQQ Buy and Hold,29331.949050241918,38000.0,0.06462882096069872
2023-02-02,TQQQ Buy and Hold,32363.799403261182,38000.0,0.10336341263330598
2023-02-03,TQQQ Buy and Hold,30703.500400417302,38000.0,-0.05130111524163565
2023-02-06,TQQQ Buy and Hold,29933.506659967967,38000.0,-0.025078369905956136
2023-02-07,TQQQ Buy and Hold,31762.241793535144,38000.0,0.061093247588424424
2023-02-08,TQQQ Buy and Hold,30053.81818191318,38000.0,-0.05378787878787872
2023-02-09,TQQQ Buy and Hold,29259.7621370748,38000.0,-0.026421136909527628
2023-02-10,TQQQ Buy and Hold,28658.204527348753,38000.0,-0.02055921052631579
2023-02-13,TQQQ Buy and Hold,30029.755877524134,38000.0,0.047858942065491204
2023-02-14,TQQQ Buy and Hold,30655.375791639217,38000.0,0.020833333333333315
2023-02-15,TQQQ Buy and Hold,31353.182618921426,38000.0,0.02276295133437984
2023-02-16,TQQQ Buy and Hold,29548.509789743297,38000.0,-0.05755947812739831
2023-02-17,TQQQ Buy and Hold,28922.88987562821,38000.0,-0.02117263843648207
2023-02-21,TQQQ Buy and Hold,26901.656306948702,38000.0,-0.06988352745424292
2023-02-22,TQQQ Buy and Hold,26925.718611337743,38000.0,0.0008944543828264568
2023-02-23,TQQQ Buy and Hold,27599.46313423092,38000.0,0.025022341376228878
2023-02-24,TQQQ Buy and Hold,26203.849479666496,38000.0,-0.050566695727986055
2023-02-27,TQQQ Buy and Hold,26757.282480614456,38000.0,0.02112029384756645
2023-02-28,TQQQ Buy and Hold,26612.90865428021,38000.0,-0.005395683453237296
2023-03-01,TQQQ Buy and Hold,26963.780602732935,39000.0,-0.023508137432188044
2023-03-02,TQQQ Buy and Hold,27612.90865428021,39000.0,0.024074074074074053
2023-03-03,TQQQ Buy and Hold,29285.661710190492,39000.0,0.06057866184448462
2023-03-06,TQQQ Buy and Hold,29410.494027795736,39000.0,0.004262574595055323
2023-03-07,TQQQ Buy and Hold,28311.969632869583,39000.0,-0.037351443123938836
2023-03-08,TQQQ Buy and Hold,28686.466585685317,39000.0,0.01322751322751326
2023-03-09,TQQQ Buy and Hold,27188.47877442238,39000.0,-0.052219321148825035
2023-03-10,TQQQ Buy and Hold,26064.987915975173,39000.0,-0.041322314049586875
2023-03-13,TQQQ Buy and Hold,26614.25011343825,39000.0,0.021072796934865964
2023-03-14,TQQQ Buy and Hold,28436.80195047483,39000.0,0.0684803001876173
2023-03-15,TQQQ Buy and Hold,28861.231830332665,39000.0,0.014925373134328351
2023-03-16,TQQQ Buy and Hold,31133.180010748125,39000.0,0.07871972318339102
2023-03-17,TQQQ Buy and Hold,30658.81720384819,39000.0,-0.015236567762630415
2023-03-20,TQQQ Buy and Hold,30983.38122962183,39000.0,0.010586319218241106
2023-03-21,TQQQ Buy and Hold,32306.60379623743,39000.0,0.04270749395648665
2023-03-22,TQQQ Buy and Hold,30808.615984974487,39000.0,-0.04636785162287478
2023-03-23,TQQQ Buy and Hold,31907.140379900644,39000.0,0.03565640194489461
2023-03-24,TQQQ Buy and Hold,32231.70440567428,39000.0,0.010172143974960938
2023-03-27,TQQQ Buy and Hold,31582.576354127006,39000.0,-0.020139426800929495
2023-03-28,TQQQ Buy and Hold,31058.280620184978,39000.0,-0.01660079051383406
2023-03-29,TQQQ Buy and Hold,32731.03367609526,39000.0,0.05385852090032154
2023-03-30,TQQQ Buy and Hold,33629.826362853026,39000.0,0.027459954233409703
2023-03-31,TQQQ Buy and Hold,35277.612955242264,39000.0,0.048997772828507806
2023-04-03,TQQQ Buy and Hold,36020.87117919667,40000.0,-0.007077140835102719
2023-04-04,TQQQ Buy and Hold,35661.432692732844,40000.0,-0.009978617248752587
2023-04-05,TQQQ Buy and Hold,34506.094700527676,40000.0,-0.032397408207343485
2023-04-06,TQQQ Buy and Hold,35224.971673455344,40000.0,0.02083333333333342
2023-04-10,TQQQ Buy and Hold,35147.949140641664,40000.0,-0.0021865889212828817
2023-04-11,TQQQ Buy and Hold,34454.74634531856,40000.0,-0.0197224251278305
2023-04-12,TQQQ Buy and Hold,33530.47595155443,40000.0,-0.02682563338301039
2023-04-13,TQQQ Buy and Hold,35456.03927189637,40000.0,0.05742725880551301
2023-04-14,TQQQ Buy and Hold,35250.6458510599,40000.0,-0.005792903692976109
2023-04-17,TQQQ Buy and Hold,35301.99420626902,40000.0,0.001456664238892904
2023-04-18,TQQQ Buy and Hold,35327.66838387358,40000.0,0.0007272727272727117
2023-04-19,TQQQ Buy and Hold,35250.645851059904,40000.0,-0.0021802325581394884
2023-04-20,TQQQ Buy and Hold,34429.072167714,40000.0,-0.02330662782228698
2023-04-21,TQQQ Buy and Hold,34506.09470052768,40000.0,0.002237136465324337
2023-04-24,TQQQ Buy and Hold,34275.02710208665,40000.0,-0.0066964285714285615
2023-04-25,TQQQ Buy and Hold,32349.4637817447,40000.0,-0.056179775280898875
2023-04-26,TQQQ Buy and Hold,32888.62151144045,40000.0,0.016666666666666736
2023-04-27,TQQQ Buy and Hold,35558.73598231461,40000.0,0.0811865729898516
2023-04-28,TQQQ Buy and Hold,36277.61295524227,40000.0,0.02021660649819503
2023-05-01,TQQQ Buy and Hold,37172.08538848999,41000.0,-0.0028308563340411126
2023-05-02,TQQQ Buy and Hold,36169.57350434335,41000.0,-0.026969481902058126
2023-05-03,TQQQ Buy and Hold,35457.26242876547,41000.0,-0.019693654266958523
2023-05-04,TQQQ Buy and Hold,35061.534053444426,41000.0,-0.011160714285714312
2023-05-05,TQQQ Buy and Hold,37198.46728017806,41000.0,0.060948081264108396
2023-05-08,TQQQ Buy and Hold,37515.049980434895,41000.0,0.008510638297872412
2023-05-09,TQQQ Buy and Hold,36776.35701316894,41000.0,-0.019690576652602047
2023-05-10,TQQQ Buy and Hold,37989.92403082014,41000.0,0.032998565279770506
2023-05-11,TQQQ Buy and Hold,38306.506731076974,41000.0,0.00833333333333328
2023-05-12,TQQQ Buy and Hold,37884.39646406786,41000.0,-0.011019283746556485
2023-05-15,TQQQ Buy and Hold,38491.17997289346,41000.0,0.016016713091922034
2023-05-16,TQQQ Buy and Hold,38623.0894313338,41000.0,0.0034270047978067655
2023-05-17,TQQQ Buy and Hold,39994.94779911341,41000.0,0.03551912568306008
2023-05-18,TQQQ Buy and Hold,42158.26291753512,41000.0,0.054089709762533
2023-05-19,TQQQ Buy and Hold,41868.062108966355,41000.0,-0.006883604505632116
2023-05-22,TQQQ Buy and Hold,42290.172375975475,41000.0,0.010081915563957274
2023-05-23,TQQQ Buy and Hold,40654.49509131516,41000.0,-0.03867747972551472
2023-05-24,TQQQ Buy and Hold,39994.947799113426,41000.0,-0.016223231667748216
2023-05-25,TQQQ Buy and Hold,42896.955884801086,41000.0,0.07255936675461751
2023-05-26,TQQQ Buy and Hold,46141.928562433626,41000.0,0.07564575645756437
2023-05-30,TQQQ Buy and Hold,46801.47585463536,41000.0,0.014293882218410521
2023-05-31,TQQQ Buy and Hold,45851.727753864856,41000.0,-0.020293122886133004
2023-06-01,TQQQ Buy and Hold,48523.078226097095,42000.0,0.03567318757192181
2023-06-02,TQQQ Buy and Hold,49628.32611902486,42000.0,0.022777777777777786
2023-06-05,TQQQ Buy and Hold,49736.15518174952,42000.0,0.0021727322107549783
2023-06-06,TQQQ Buy and Hold,49682.24065038719,42000.0,-0.001084010840108378
2023-06-07,TQQQ Buy and Hold,47148.25767635767,42000.0,-0.051003798155181836
2023-06-08,TQQQ Buy and Hold,48765.69361722758,42000.0,0.03430531732418533
2023-06-09,TQQQ Buy and Hold,49358.75346221321,42000.0,0.012161415146489711
2023-06-12,TQQQ Buy and Hold,51892.736436242725,42000.0,0.051338066630256765
2023-06-13,TQQQ Buy and Hold,53024.94159485166,42000.0,0.021818181818181907
2023-06-14,TQQQ Buy and Hold,54157.14675346059,42000.0,0.02135231316725969
2023-06-15,TQQQ Buy and Hold,56071.11261682331,42000.0,0.035340965654554544
2023-06-16,TQQQ Buy and Hold,54992.821989576696,42000.0,-0.019230769230769332
2023-06-20,TQQQ Buy and Hold,54723.24933276505,42000.0,-0.004901960784313621
2023-06-21,TQQQ Buy and Hold,52351.009952822526,42000.0,-0.04334975369458123
2023-06-22,TQQQ Buy and Hold,54103.23222209825,42000.0,0.03347064881565389
2023-06-23,TQQQ Buy and Hold,52512.75354690952,42000.0,-0.029397110114598897
2023-06-26,TQQQ Buy and Hold,50410.08682377864,42000.0,-0.04004106776180704
2023-06-27,TQQQ Buy and Hold,52917.112532126994,42000.0,0.049732620320855604
2023-06-28,TQQQ Buy and Hold,53240.599720300976,42000.0,0.006113092205807489
2023-06-29,TQQQ Buy and Hold,52863.19800076466,42000.0,-0.007088607594936737
2023-06-30,TQQQ Buy and Hold,55262.394646388355,42000.0,0.04538500764915862
2023-07-03,TQQQ Buy and Hold,56646.62563421735,43000.0,0.006829268292682955
2023-07-05,TQQQ Buy and Hold,56619.180563658134,43000.0,-0.0004844961240310835
2023-07-06,TQQQ Buy and Hold,55274.37210625666,43000.0,-0.023751817741153584
2023-07-07,TQQQ Buy and Hold,54698.02562451317,43000.0,-0.010427010923535296
2023-07-10,TQQQ Buy and Hold,54752.915765631595,43000.0,0.0010035122930255682
2023-07-11,TQQQ Buy and Hold,55548.82281184879,43000.0,0.014536340852130283
2023-07-12,TQQQ Buy and Hold,57607.20310378983,43000.0,0.03705533596837945
2023-07-13,TQQQ Buy and Hold,60461.490441948066,43000.0,0.04954740352548846
2023-07-14,TQQQ Buy and Hold,60406.60030082964,43000.0,-0.0009078529278256729
2023-07-17,TQQQ Buy and Hold,62080.74960494167,43000.0,0.02771467514766013
2023-07-18,TQQQ Buy and Hold,63562.78341513921,43000.0,0.0238726790450928
2023-07-19,TQQQ Buy and Hold,63562.78341513921,43000.0,0.0
2023-07-20,TQQQ Buy and Hold,59089.236913987355,43000.0,-0.07037996545768563
2023-07-21,TQQQ Buy and Hold,58567.78057336229,43000.0,-0.008824895494658674
2023-07-24,TQQQ Buy and Hold,58814.786208395206,43000.0,0.004217432052483592
2023-07-25,TQQQ Buy and Hold,59994.9242424414,43000.0,0.020065328978068116
2023-07-26,TQQQ Buy and Hold,59391.1326901387,43000.0,-0.010064043915827945
2023-07-27,TQQQ Buy and Hold,58869.67634951363,43000.0,-0.008780036968576769
2023-07-28,TQQQ Buy and Hold,62053.304534382434,43000.0,0.05407925407925409
2023-07-31,TQQQ Buy and Hold,62190.52988717851,43000.0,0.0022114108801415617
2023-08-01,TQQQ Buy and Hold,62688.57510431478,44000.0,-0.007943512797881717
2023-08-02,TQQQ Buy and Hold,58589.27771092765,44000.0,-0.06539145907473304
2023-08-03,TQQQ Buy and Hold,58170.9820585412,44000.0,-0.007139457401237607
2023-08-04,TQQQ Buy and Hold,57362.277130594084,44000.0,-0.013902205177372923
2023-08-07,TQQQ Buy and Hold,58784.482348707985,44000.0,0.02479338842975197
2023-08-08,TQQQ Buy and Hold,57278.618000116796,44000.0,-0.025616698292220075
2023-08-09,TQQQ Buy and Hold,55354.457999139166,44000.0,-0.03359298928919171
2023-08-10,TQQQ Buy and Hold,55605.43539057103,44000.0,0.004534005037783368
2023-08-11,TQQQ Buy and Hold,54517.86669436628,44000.0,-0.01955867602808428
2023-08-14,TQQQ Buy and Hold,56302.5948112151,44000.0,0.0327365728900256
2023-08-15,TQQQ Buy and Hold,54601.525824843564,44000.0,-0.03021297672114923
2023-08-16,TQQQ Buy and Hold,52761.02495434323,44000.0,-0.03370786516853915
2023-08-17,TQQQ Buy and Hold,50976.29683749441,44000.0,-0.0338266384778013
2023-08-18,TQQQ Buy and Hold,50753.2058228883,44000.0,-0.00437636761487975
2023-08-21,TQQQ Buy and Hold,53207.206983555436,44000.0,0.0483516483516483
2023-08-22,TQQQ Buy and Hold,52984.115968949336,44000.0,-0.00419287211740033
2023-08-23,TQQQ Buy and Hold,55466.00350644223,44000.0,0.04684210526315793
2023-08-24,TQQQ Buy and Hold,51812.8881422673,44000.0,-0.06586224233283068
2023-08-25,TQQQ Buy and Hold,53039.888722600874,44000.0,0.023681377825619018
2023-08-28,TQQQ Buy and Hold,54211.11654928292,44000.0,0.022082018927444887
2023-08-29,TQQQ Buy and Hold,57669.02727567751,44000.0,0.06378600823045259
2023-08-30,TQQQ Buy and Hold,58645.0504645792,44000.0,0.01692456479690529
2023-08-31,TQQQ Buy and Hold,59174.89162426869,44000.0,0.009034712315739312
2023-09-01,TQQQ Buy and Hold,59976.388211747544,45000.0,-0.0032987747408105695
2023-09-05,TQQQ Buy and Hold,60118.17636354837,45000.0,0.0023640661938534617
2023-09-06,TQQQ Buy and Hold,58530.14906337917,45000.0,-0.026415094339622584
2023-09-07,TQQQ Buy and Hold,57254.05569717178,45000.0,-0.021802325581395315
2023-09-08,TQQQ Buy and Hold,57424.20147933277,45000.0,0.0029717682020801743
2023-09-11,TQQQ Buy and Hold,59380.87797418411,45000.0,0.03407407407407414
2023-09-12,TQQQ Buy and Hold,57480.91674005309,45000.0,-0.031996179560649554
2023-09-13,TQQQ Buy and Hold,58048.06934725637,45000.0,0.009866798223976285
2023-09-14,TQQQ Buy and Hold,59409.23560454426,45000.0,0.023448949682462163
2023-09-15,TQQQ Buy and Hold,56374.96915600667,45000.0,-0.05107398568019095
2023-09-18,TQQQ Buy and Hold,56488.399677447334,45000.0,0.002012072434607782
2023-09-19,TQQQ Buy and Hold,56148.10811312536,45000.0,-0.006024096385542218
2023-09-20,TQQQ Buy and Hold,53539.20611999024,45000.0,-0.04646464646464655
2023-09-21,TQQQ Buy and Hold,50476.58204109249,45000.0,-0.057203389830508385
2023-09-22,TQQQ Buy and Hold,50504.93967145266,45000.0,0.0005617977528088769
2023-09-25,TQQQ Buy and Hold,51185.5228000966,45000.0,0.013475575519371253
2023-09-26,TQQQ Buy and Hold,48916.912371283455,45000.0,-0.04432132963988923
2023-09-27,TQQQ Buy and Hold,49200.488674885106,45000.0,0.005797101449275445
2023-09-28,TQQQ Buy and Hold,50391.509150012,45000.0,0.02420749279538894
2023-09-29,TQQQ Buy and Hold,50504.93967145266,45000.0,0.0022509848058525125
2023-10-02,TQQQ Buy and Hold,52748.46151641193,46000.0,0.02414373947220661
2023-10-03,TQQQ Buy and Hold,49943.307587085204,46000.0,-0.05317982456140345
2023-10-04,TQQQ Buy and Hold,51967.6454742282,46000.0,0.04053271569195132
2023-10-05,TQQQ Buy and Hold,51418.18233343225,46000.0,-0.010573177518085572
2023-10-06,TQQQ Buy and Hold,53991.9833613712,46000.0,0.05005624296962882
2023-10-09,TQQQ Buy and Hold,54801.7185162284,46000.0,0.014997321906802226
2023-10-10,TQQQ Buy and Hold,55698.211009106024,46000.0,0.016358839050132048
2023-10-11,TQQQ Buy and Hold,56883.89462871835,46000.0,0.021287642782969893
2023-10-12,TQQQ Buy and Hold,56218.755037228504,46000.0,-0.011692933401118474
2023-10-13,TQQQ Buy and Hold,54078.74069939161,46000.0,-0.038065843621399274
2023-10-16,TQQQ Buy and Hold,55900.64479782031,46000.0,0.03368983957219246
2023-10-17,TQQQ Buy and Hold,55380.10076969782,46000.0,-0.009311950336264859
2023-10-18,TQQQ Buy and Hold,53037.65264314664,46000.0,-0.04229765013054824
2023-10-19,TQQQ Buy and Hold,51620.616122146545,46000.0,-0.026717557251908313
2023-10-20,TQQQ Buy and Hold,49307.087108268825,46000.0,-0.04481792717086838
2023-10-23,TQQQ Buy and Hold,49711.95468569743,46000.0,0.008211143695014696
2023-10-24,TQQQ Buy and Hold,51128.99120669752,46000.0,0.028504944735311136
2023-10-25,TQQQ Buy and Hold,47398.42567181971,46000.0,-0.07296380090497732
2023-10-26,TQQQ Buy and Hold,44622.190855166446,46000.0,-0.05857230018303849
2023-10-27,TQQQ Buy and Hold,45258.41133398282,46000.0,0.014257939079714883
2023-10-30,TQQQ Buy and Hold,46733.28608032986,46000.0,0.03258785942492012
2023-10-31,TQQQ Buy and Hold,47398.42567181971,46000.0,0.01423267326732676
2023-11-01,TQQQ Buy and Hold,50908.41113985184,47000.0,0.05186089078706515
2023-11-02,TQQQ Buy and Hold,53595.57205268625,47000.0,0.05278422273781904
2023-11-03,TQQQ Buy and Hold,55485.44346391045,47000.0,0.03526170798898075
2023-11-06,TQQQ Buy and Hold,56105.5575207184,47000.0,0.01117615753060143
2023-11-07,TQQQ Buy and Hold,57700.13652393882,47000.0,0.028421052631578902
2023-11-08,TQQQ Buy and Hold,57818.25348714033,47000.0,0.002047082906857684
2023-11-09,TQQQ Buy and Hold,56430.37916952257,47000.0,-0.024004085801838555
2023-11-10,TQQQ Buy and Hold,60210.12199197097,47000.0,0.0669806384092099
2023-11-13,TQQQ Buy and Hold,59649.06641676378,47000.0,-0.00931829328102017
2023-11-14,TQQQ Buy and Hold,63399.2799984118,47000.0,0.06287128712871286
2023-11-15,TQQQ Buy and Hold,63576.45544321408,47000.0,0.0027945971122497566
2023-11-16,TQQQ Buy and Hold,63694.57240641558,47000.0,0.0018578727357175637
2023-11-17,TQQQ Buy and Hold,63724.10164721595,47000.0,0.0004636068613814562
2023-11-20,TQQQ Buy and Hold,65997.85318884507,47000.0,0.03568118628359607
2023-11-21,TQQQ Buy and Hold,64787.15431602957,47000.0,-0.01834451901565996
2023-11-22,TQQQ Buy and Hold,65554.9145768394,47000.0,0.011850501367365452
2023-11-24,TQQQ Buy and Hold,65230.092928035236,47000.0,-0.0049549549549549295
2023-11-27,TQQQ Buy and Hold,65023.38824243259,47000.0,-0.003168854685378012
2023-11-28,TQQQ Buy and Hold,65554.9145768394,47000.0,0.008174386920980914
2023-11-29,TQQQ Buy and Hold,65318.68065043637,47000.0,-0.003603603603603527
2023-11-30,TQQQ Buy and Hold,64757.62507522918,47000.0,-0.008589511754068774
2023-12-01,TQQQ Buy and Hold,66327.34458112493,48000.0,0.00866393068855455
2023-12-04,TQQQ Buy and Hold,64438.274640523254,48000.0,-0.02848101265822796
2023-12-05,TQQQ Buy and Hold,64918.038434961774,48000.0,0.007445323406235466
2023-12-06,TQQQ Buy and Hold,63748.6141860179,48000.0,-0.01801385681293289
2023-12-07,TQQQ Buy and Hold,66417.30029258213,48000.0,0.04186265286923786
2023-12-08,TQQQ Buy and Hold,67226.90169569715,48000.0,0.012189616252821812
2023-12-11,TQQQ Buy and Hold,68936.06021338436,48000.0,0.025423728813559174
2023-12-12,TQQQ Buy and Hold,70585.24825676676,48000.0,0.023923444976076586
2023-12-13,TQQQ Buy and Hold,73074.02294041657,48000.0,0.03525913338997459
2023-12-14,TQQQ Buy and Hold,72954.08199180693,48000.0,-0.0016413623307346204
2023-12-15,TQQQ Buy and Hold,73823.65386922675,48000.0,0.011919441019317826
2023-12-18,TQQQ Buy and Hold,75382.88620115192,48000.0,0.02112103980503654
2023-12-19,TQQQ Buy and Hold,76492.33997579101,48000.0,0.014717581543357238
2023-12-20,TQQQ Buy and Hold,72774.1705688925,48000.0,-0.04860838886711101
2023-12-21,TQQQ Buy and Hold,75172.98954108509,48000.0,0.03296250515039146
2023-12-22,TQQQ Buy and Hold,75472.84191260916,48000.0,0.0039888312724372325
2023-12-26,TQQQ Buy and Hold,76882.1480587723,48000.0,0.018673023440603845
2023-12-27,TQQQ Buy and Hold,77271.95614175359,48000.0,0.005070202808112286
2023-12-28,TQQQ Buy and Hold,77062.05948168674,48000.0,-0.002716336825766406
2023-12-29,TQQQ Buy and Hold,76012.57618135249,48000.0,-0.013618677042801473
2024-01-02,TQQQ Buy and Hold,73123.97272919741,49000.0,-0.05049309664694284
2024-01-03,TQQQ Buy and Hold,70784.73471501037,49000.0,-0.031990029081844604
2024-01-04,TQQQ Buy and Hold,69599.92585068187,49000.0,-0.01673819742489273
2024-01-05,TQQQ Buy and Hold,69842.96356644155,49000.0,0.003491924923614068
2024-01-08,TQQQ Buy and Hold,74065.7438777662,49000.0,0.06046107003044805
2024-01-09,TQQQ Buy and Hold,74521.43959481563,49000.0,0.00615258408531592
2024-01-10,TQQQ Buy and Hold,76010.04560384374,49000.0,0.019975540154912288
2024-01-11,TQQQ Buy and Hold,76374.60217748328,49000.0,0.004796163069544404
2024-01-12,TQQQ Buy and Hold,76465.74132089315,49000.0,0.0011933174224344127
2024-01-16,TQQQ Buy and Hold,76435.36160642319,49000.0,-0.00039729837107674065
2024-01-17,TQQQ Buy and Hold,75098.65416974488,49000.0,-0.017488076311605774
2024-01-18,TQQQ Buy and Hold,78318.9039035608,49000.0,0.04288025889967647
2024-01-19,TQQQ Buy and Hold,82845.48135958506,49000.0,0.05779674166020164
2024-01-22,TQQQ Buy and Hold,83179.65821875463,49000.0,0.004033736707004013
2024-01-23,TQQQ Buy and Hold,84151.8090817934,49000.0,0.0116873630387144
2024-01-24,TQQQ Buy and Hold,85549.27594741163,49000.0,0.01660649819494588
2024-01-25,TQQQ Buy and Hold,85792.31366317131,49000.0,0.0028409090909090303
2024-01-26,TQQQ Buy and Hold,84212.56851073333,49000.0,-0.018413597733711033
2024-01-29,TQQQ Buy and Hold,86673.32538280022,49000.0,0.029220779220779303
2024-01-30,TQQQ Buy and Hold,84972.06137248236,49000.0,-0.019628461268839898
2024-01-31,TQQQ Buy and Hold,79959.40848493871,49000.0,-0.058991776903825476
2024-02-01,TQQQ Buy and Hold,83820.05627714969,50000.0,0.03533434650455926
2024-02-02,TQQQ Buy and Hold,88034.12883126693,50000.0,0.0502752293577982
2024-02-05,TQQQ Buy and Hold,87603.49367975131,50000.0,-0.004891684136967176
2024-02-06,TQQQ Buy and Hold,87080.5795671966,50000.0,-0.005969101123595565
2024-02-07,TQQQ Buy and Hold,89695.15012997009,50000.0,0.030024726245143112
2024-02-08,TQQQ Buy and Hold,90033.50632044666,50000.0,0.0037722908093278267
2024-02-09,TQQQ Buy and Hold,92709.59619057951,50000.0,0.02972326614280837
2024-02-12,TQQQ Buy and Hold,91602.24865811075,50000.0,-0.011944260119442583
2024-02-13,TQQQ Buy and Hold,87265.13748927474,50000.0,-0.04734721289456011
2024-02-14,TQQQ Buy and Hold,90033.50632044664,50000.0,0.031723651744800796
2024-02-15,TQQQ Buy and Hold,90771.73800875916,50000.0,0.008199521694567885
2024-02-16,TQQQ Buy and Hold,88280.20606070443,50000.0,-0.0274483226025077
2024-02-20,TQQQ Buy and Hold,86250.06891784503,50000.0,-0.022996515679442515
2024-02-21,TQQQ Buy and Hold,85173.48103905596,50000.0,-0.012482168330955702
2024-02-22,TQQQ Buy and Hold,92525.03826850136,50000.0,0.08631274828457916
2024-02-23,TQQQ Buy and Hold,91694.52761914978,50000.0,-0.008976063829787221
2024-02-26,TQQQ Buy and Hold,91571.48900443103,50000.0,-0.0013418316001341545
2024-02-27,TQQQ Buy and Hold,92125.16277066541,50000.0,0.006046355391333548
2024-02-28,TQQQ Buy and Hold,90648.69939404039,50000.0,-0.01602671118530886
2024-02-29,TQQQ Buy and Hold,92832.63480529824,50000.0,0.024092297251442175
2024-03-01,TQQQ Buy and Hold,98154.2836581599,51000.0,0.04605699138502321
2024-03-04,TQQQ Buy and Hold,96972.82569838477,51000.0,-0.012036743744060786
2024-03-05,TQQQ Buy and Hold,91780.6288751625,51000.0,-0.05354280218018601
2024-03-06,TQQQ Buy and Hold,93490.63381694228,51000.0,0.01863143631436317
2024-03-07,TQQQ Buy and Hold,97656.82767509668,51000.0,0.04456268706351845
2024-03-08,TQQQ Buy and Hold,93366.26982117648,51000.0,-0.04393505253104104
2024-03-11,TQQQ Buy and Hold,92278.0848582257,51000.0,-0.011655011655011703
2024-03-12,TQQQ Buy and Hold,96195.5507248485,51000.0,0.0424528301886793
2024-03-13,TQQQ Buy and Hold,93956.99880106404,51000.0,-0.023270846800258642
2024-03-14,TQQQ Buy and Hold,93210.81482646923,51000.0,-0.007941760423560505
2024-03-15,TQQQ Buy and Hold,89790.80494290966,51000.0,-0.0366911274182789
2024-03-18,TQQQ Buy and Hold,92309.17585716717,51000.0,0.02804709141274246
2024-03-19,TQQQ Buy and Hold,92962.08683493763,51000.0,0.007073088582014055
2024-03-20,TQQQ Buy and Hold,95915.73173437545,51000.0,0.03177257525083622
2024-03-21,TQQQ Buy and Hold,97159.37169203347,51000.0,0.012965964343598008
2024-03-22,TQQQ Buy and Hold,97377.00868462362,51000.0,0.002240000000000009
2024-03-25,TQQQ Buy and Hold,96382.0967184972,51000.0,-0.010217113665389537
2024-03-26,TQQQ Buy and Hold,95449.36675025368,51000.0,-0.009677419354838733
2024-03-27,TQQQ Buy and Hold,96319.9147206143,51000.0,0.009120521172638474
2024-03-28,TQQQ Buy and Hold,95698.09474178527,51000.0,-0.006455777921239486
2024-04-01,TQQQ Buy and Hold,97294.99656117901,52000.0,0.0061728395061727654
2024-04-02,TQQQ Buy and Hold,94687.47808698533,52000.0,-0.026800129157248897
2024-04-03,TQQQ Buy and Hold,95315.79579161032,52000.0,0.006635700066356977
2024-04-04,TQQQ Buy and Hold,90823.32420354168,52000.0,-0.04713249835201054
2024-04-05,TQQQ Buy and Hold,94027.7444971291,52000.0,0.03528190937391904
2024-04-08,TQQQ Buy and Hold,94090.57626759159,52000.0,0.000668225860340781
2024-04-09,TQQQ Buy and Hold,95064.46870976033,52000.0,0.010350584307178707
2024-04-10,TQQQ Buy and Hold,92582.61377649163,52000.0,-0.026107072042300155
2024-04-11,TQQQ Buy and Hold,96918.00593840405,52000.0,0.04682728198167637
2024-04-12,TQQQ Buy and Hold,92237.0390389479,52000.0,-0.04829821717990282
2024-04-15,TQQQ Buy and Hold,87618.90390995426,52000.0,-0.05006811989100814
2024-04-16,TQQQ Buy and Hold,87618.90390995426,52000.0,0.0
2024-04-17,TQQQ Buy and Hold,84351.65184590433,52000.0,-0.03728935102187161
2024-04-18,TQQQ Buy and Hold,82875.10524003561,52000.0,-0.017504655493482398
2024-04-19,TQQQ Buy and Hold,77722.90006211073,52000.0,-0.062168309325246425
2024-04-22,TQQQ Buy and Hold,79984.84379876069,52000.0,0.02910266774454335
2024-04-23,TQQQ Buy and Hold,83534.83882989186,52000.0,0.044383346425765864
2024-04-24,TQQQ Buy and Hold,84351.65184590434,52000.0,0.009778112072207655
2024-04-25,TQQQ Buy and Hold,83000.76878096061,52000.0,-0.01601489757914338
2024-04-26,TQQQ Buy and Hold,86833.50677917303,52000.0,0.04617713853141555
2024-04-29,TQQQ Buy and Hold,87870.23099180426,52000.0,0.011939218523878374
2024-04-30,TQQQ Buy and Hold,82843.68935480437,52000.0,-0.05720414730067923
2024-05-01,TQQQ Buy and Hold,82031.36842449574,53000.0,-0.02161547212741753
2024-05-02,TQQQ Buy and Hold,85051.90330834346,53000.0,0.03682170542635656
2024-05-03,TQQQ Buy and Hold,90139.11995482382,53000.0,0.059813084112149584
2024-05-06,TQQQ Buy and Hold,93096.06463059054,53000.0,0.032804232804232794
2024-05-07,TQQQ Buy and Hold,93096.06463059054,53000.0,0.0
2024-05-08,TQQQ Buy and Hold,92937.08911038803,53000.0,-0.001707650273224068
2024-05-09,TQQQ Buy and Hold,93445.81077503607,53000.0,0.00547382825863839
2024-05-10,TQQQ Buy and Hold,94049.9177518056,53000.0,0.006464783940115608
2024-05-13,TQQQ Buy and Hold,94685.81983261564,53000.0,0.006761325219743166
2024-05-14,TQQQ Buy and Hold,96434.55055484327,53000.0,0.01846877098723966
2024-05-15,TQQQ Buy and Hold,100917.6602245541,53000.0,0.046488625123639965
2024-05-16,TQQQ Buy and Hold,100281.75814374405,53000.0,-0.006301197227473198
2024-05-17,TQQQ Buy and Hold,100059.19241546054,53000.0,-0.002219403931515545
2024-05-20,TQQQ Buy and Hold,102125.87417809317,53000.0,0.020654591674610697
2024-05-21,TQQQ Buy and Hold,102634.59584274121,53000.0,0.004981320049813316
2024-05-22,TQQQ Buy and Hold,102571.00563466019,53000.0,-0.0006195786864932815
2024-05-23,TQQQ Buy and Hold,101044.8406407161,53000.0,-0.014879107253564691
2024-05-24,TQQQ Buy and Hold,103874.60490032079,53000.0,0.028005034612964146
2024-05-28,TQQQ Buy and Hold,105019.22864577886,53000.0,0.011019283746556455
2024-05-29,TQQQ Buy and Hold,102825.36646698421,53000.0,-0.02089009990917341
2024-05-30,TQQQ Buy and Hold,99518.67564677197,53000.0,-0.03215831787260367
2024-05-31,TQQQ Buy and Hold,99391.49523060996,53000.0,-0.001277955271565468
2024-06-03,TQQQ Buy and Hold,101387.060282481,54000.0,0.009916826615483003
2024-06-04,TQQQ Buy and Hold,102157.82032263924,54000.0,0.007602153943617309
2024-06-05,TQQQ Buy and Hold,108291.78564223184,54000.0,0.060044011317195854
2024-06-06,TQQQ Buy and Hold,108195.44063721206,54000.0,-0.0008896797153025249
2024-06-07,TQQQ Buy and Hold,107777.9456154597,54000.0,-0.0038587117839120055
2024-06-10,TQQQ Buy and Hold,108934.08567569703,54000.0,0.010727056019070305
2024-06-11,TQQQ Buy and Hold,111182.13579282521,54000.0,0.020636792452830063
2024-06-12,TQQQ Buy and Hold,115549.77602038854,54000.0,0.03928365106874637
2024-06-13,TQQQ Buy and Hold,117412.44611743762,54000.0,0.016120066703724442
2024-06-14,TQQQ Buy and Hold,119082.4262044471,54000.0,0.014223194748358753
2024-06-17,TQQQ Buy and Hold,123417.95143033717,54000.0,0.0364077669902913
2024-06-18,TQQQ Buy and Hold,123482.1814336837,54000.0,0.000520426749935028
2024-06-20,TQQQ Buy and Hold,120559.71628141704,54000.0,-0.023667100130039104
2024-06-21,TQQQ Buy and Hold,119467.80622452623,54000.0,-0.00905700586041546
2024-06-24,TQQQ Buy and Hold,115421.31601369548,54000.0,-0.03387096774193562
2024-06-25,TQQQ Buy and Hold,119275.11621448667,54000.0,0.03338898163606018
2024-06-26,TQQQ Buy and Hold,119564.151229546,54000.0,0.0024232633279482043
2024-06-27,TQQQ Buy and Hold,120431.25627472402,54000.0,0.007252215954875185
2024-06-28,TQQQ Buy and Hold,118536.47117600168,54000.0,-0.015733333333333425
2024-07-01,TQQQ Buy and Hold,121479.62703364463,55000.0,0.01625575724735848
2024-07-02,TQQQ Buy and Hold,125236.39502508767,55000.0,0.030925086643561816
2024-07-03,TQQQ Buy and Hold,128313.05846635565,55000.0,0.02456684768554424
2024-07-05,TQQQ Buy and Hold,132166.98425068083,55000.0,0.03003533568904606
2024-07-08,TQQQ Buy and Hold,133041.40438662015,55000.0,0.006616025483949914
2024-07-09,TQQQ Buy and Hold,133332.8777652666,55000.0,0.0021908471275560713
2024-07-10,TQQQ Buy and Hold,137543.04879015964,55000.0,0.03157639057566182
2024-07-11,TQQQ Buy and Hold,128474.98812115924,55000.0,-0.06592889098186949
2024-07-12,TQQQ Buy and Hold,130580.07363360577,55000.0,0.01638517771615827
2024-07-15,TQQQ Buy and Hold,131551.65156242723,55000.0,0.00744047619047612
2024-07-16,TQQQ Buy and Hold,131648.80935530938,55000.0,0.0007385524372230709
2024-07-17,TQQQ Buy and Hold,120087.03200233386,55000.0,-0.08782287822878229
2024-07-18,TQQQ Buy and Hold,118273.41986853379,55000.0,-0.015102481121898468
2024-07-19,TQQQ Buy and Hold,115067.21270342293,55000.0,-0.02710843373493981
2024-07-22,TQQQ Buy and Hold,120087.03200233387,55000.0,0.043625105544610104
2024-07-23,TQQQ Buy and Hold,118791.59476390526,55000.0,-0.010787486515641818
2024-07-24,TQQQ Buy and Hold,105966.76610346184,55000.0,-0.10796074154852783
2024-07-25,TQQQ Buy and Hold,102469.08555970454,55000.0,-0.033007334963325134
2024-07-26,TQQQ Buy and Hold,105383.81934616897,55000.0,0.028445006321112472
2024-07-29,TQQQ Buy and Hold,105999.15203442254,55000.0,0.005838967424707982
2024-07-30,TQQQ Buy and Hold,101691.82321664736,55000.0,-0.040635502597005754
2024-07-31,TQQQ Buy and Hold,110565.56829988348,55000.0,0.08726114649681535
2024-08-01,TQQQ Buy and Hold,103526.57304453159,56000.0,-0.07205623901581724
2024-08-02,TQQQ Buy and Hold,95977.76042670116,56000.0,-0.07291666666666663
2024-08-05,TQQQ Buy and Hold,87611.97674633496,56000.0,-0.08716377255703106
2024-08-06,TQQQ Buy and Hold,89801.4591939308,56000.0,0.02499067512122349
2024-08-07,TQQQ Buy and Hold,86893.04221130349,56000.0,-0.03238719068413393
2024-08-08,TQQQ Buy and Hold,94866.6797816525,56000.0,0.09176382098533288
2024-08-09,TQQQ Buy and Hold,96141.1546392083,56000.0,0.013434378229417863
2024-08-12,TQQQ Buy and Hold,96827.41033173833,56000.0,0.007138001359619214
2024-08-13,TQQQ Buy and Hold,103853.36146954587,56000.0,0.07256159298008782
2024-08-14,TQQQ Buy and Hold,104016.75568205302,56000.0,0.00157331655129003
2024-08-15,TQQQ Buy and Hold,111859.67788239633,56000.0,0.07540056550424123
2024-08-16,TQQQ Buy and Hold,112153.7874649092,56000.0,0.0026292725679229745
2024-08-19,TQQQ Buy and Hold,116500.07351759943,56000.0,0.038752913752913704
2024-08-20,TQQQ Buy and Hold,115781.13898256797,56000.0,-0.00617110799438987
2024-08-21,TQQQ Buy and Hold,117382.40226513808,56000.0,0.013830087496471972
2024-08-22,TQQQ Buy and Hold,111728.9625123906,56000.0,-0.04816258351893107
2024-08-23,TQQQ Buy and Hold,115225.59866004366,56000.0,0.03129570049722142
2024-08-26,TQQQ Buy and Hold,111859.67788239633,56000.0,-0.029211571185479332
2024-08-27,TQQQ Buy and Hold,112807.36431493783,56000.0,0.008472100496640557
2024-08-28,TQQQ Buy and Hold,108983.93974227046,56000.0,-0.03389339513325613
2024-08-29,TQQQ Buy and Hold,108395.72057724472,56000.0,-0.005397301349325328
2024-08-30,TQQQ Buy and Hold,112121.10862240779,56000.0,0.03436840518540852
2024-09-03,TQQQ Buy and Hold,102768.43356923494,57000.0,-0.09151850772369573
2024-09-04,TQQQ Buy and Hold,101911.20569859006,57000.0,-0.008341353865896746
2024-09-05,TQQQ Buy and Hold,102240.90872576117,57000.0,0.003235198964736377
2024-09-06,TQQQ Buy and Hold,93965.3627437663,57000.0,-0.08094163173169949
2024-09-09,TQQQ Buy and Hold,97460.21483178006,57000.0,0.037192982456140306
2024-09-10,TQQQ Buy and Hold,100064.86874643184,57000.0,0.026725304465494003
2024-09-11,TQQQ Buy and Hold,106428.13717083425,57000.0,0.06359143327841844
2024-09-12,TQQQ Buy and Hold,109593.28623167692,57000.0,0.02973977695167289
2024-09-13,TQQQ Buy and Hold,111011.0092485127,57000.0,0.012936221419975923
2024-09-16,TQQQ Buy and Hold,109527.34562624269,57000.0,-0.013365013365013449
2024-09-17,TQQQ Buy and Hold,109593.28623167693,57000.0,0.0006020469596629478
2024-09-18,TQQQ Buy and Hold,108175.56321484115,57000.0,-0.012936221419975923
2024-09-19,TQQQ Buy and Hold,116352.19828868467,57000.0,0.07558671136848512
2024-09-20,TQQQ Buy and Hold,115593.88132619111,57000.0,-0.006517427033153779
2024-09-23,TQQQ Buy and Hold,116484.0794995531,57000.0,0.0077010838562463204
2024-09-24,TQQQ Buy and Hold,118132.59463540866,57000.0,0.014152278516841213
2024-09-25,TQQQ Buy and Hold,118132.59463540866,57000.0,0.0
2024-09-26,TQQQ Buy and Hold,120671.30794462621,57000.0,0.02149037119732077
2024-09-27,TQQQ Buy and Hold,118594.17887344821,57000.0,-0.01721311475409843
2024-09-30,TQQQ Buy and Hold,119484.3770468102,57000.0,0.007506255212677318
2024-10-01,TQQQ Buy and Hold,115397.70218804586,58000.0,-0.042218543046357644
2024-10-02,TQQQ Buy and Hold,115829.9033198363,58000.0,0.003745318352059999
2024-10-03,TQQQ Buy and Hold,115563.93339258063,58000.0,-0.002296211251435287
2024-10-04,TQQQ Buy and Hold,119653.22102413628,58000.0,0.03538550057537411
2024-10-07,TQQQ Buy and Hold,115696.91835620845,58000.0,-0.0330647402056128
2024-10-08,TQQQ Buy and Hold,120717.1007331589,58000.0,0.0433908045977013
2024-10-09,TQQQ Buy and Hold,123642.76993297106,58000.0,0.024235747727898525
2024-10-10,TQQQ Buy and Hold,123210.56880118065,58000.0,-0.00349556332347393
2024-10-11,TQQQ Buy and Hold,123509.78496934324,58000.0,0.002428494333513122
2024-10-14,TQQQ Buy and Hold,126668.17785550411,58000.0,0.02557200538358016
2024-10-15,TQQQ Buy and Hold,121614.74923764673,58000.0,-0.03989501312335966
2024-10-16,TQQQ Buy and Hold,121548.25675583283,58000.0,-0.000546746856205468
2024-10-17,TQQQ Buy and Hold,121913.96540580936,58000.0,0.0030087527352297434
2024-10-18,TQQQ Buy and Hold,124074.97106476151,58000.0,0.017725661303517822
2024-10-21,TQQQ Buy and Hold,124773.1421238076,58000.0,0.0056270096463022735
2024-10-22,TQQQ Buy and Hold,125105.60453287717,58000.0,0.002664535038635796
2024-10-23,TQQQ Buy and Hold,119354.00485597369,58000.0,-0.04597395694924273
2024-10-24,TQQQ Buy and Hold,122179.935333065,58000.0,0.023676880222841267
2024-10-25,TQQQ Buy and Hold,124241.20226929628,58000.0,0.016870748299319657
2024-10-28,TQQQ Buy and Hold,124340.94099201716,58000.0,0.0008027829810008332
2024-10-29,TQQQ Buy and Hold,127798.55004634064,58000.0,0.02780748663101602
2024-10-30,TQQQ Buy and Hold,124939.37332834238,58000.0,-0.02237252861602496
2024-10-31,TQQQ Buy and Hold,115430.94842895283,58000.0,-0.07610431080361893
2024-11-01,TQQQ Buy and Hold,118946.01787946305,59000.0,0.021601382488479263
2024-11-04,TQQQ Buy and Hold,117805.85306189844,59000.0,-0.009585565266422225
2024-11-05,TQQQ Buy and Hold,122299.44381347667,59000.0,0.038144036436094396
2024-11-06,TQQQ Buy and Hold,132225.58457815697,59000.0,0.08116259939676448
2024-11-07,TQQQ Buy and Hold,138429.42255608217,59000.0,0.04691858990616286
2024-11-08,TQQQ Buy and Hold,138764.76514948354,59000.0,0.002422480620155073
2024-11-11,TQQQ Buy and Hold,138496.49107476245,59000.0,-0.0019333011116482695
2024-11-12,TQQQ Buy and Hold,137758.73736927946,59000.0,-0.005326876513317164
2024-11-13,TQQQ Buy and Hold,137155.12070115702,59000.0,-0.00438169425511197
2024-11-14,TQQQ Buy and Hold,134237.64013856518,59000.0,-0.021271393643031725
2024-11-15,TQQQ Buy and Hold,124512.7049299257,59000.0,-0.07244566575068695
2024-11-18,TQQQ Buy and Hold,127027.77438043592,59000.0,0.0201992997576084
2024-11-19,TQQQ Buy and Hold,129609.9123496264,59000.0,0.0203273495248151
2024-11-20,TQQQ Buy and Hold,129442.24105292572,59000.0,-0.0012936610608019965
2024-11-21,TQQQ Buy and Hold,130716.54290785088,59000.0,0.00984455958549211
2024-11-22,TQQQ Buy and Hold,131219.55679795294,59000.0,0.003848127244741039
2024-11-25,TQQQ Buy and Hold,131823.1734660754,59000.0,0.0046000511116790115
2024-11-26,TQQQ Buy and Hold,133868.76328582372,59000.0,0.01551767997964893
2024-11-27,TQQQ Buy and Hold,130615.94012983052,59000.0,-0.024298597194388746
2024-11-29,TQQQ Buy and Hold,133935.83180450398,59000.0,0.025417201540436325
2024-12-02,TQQQ Buy and Hold,139327.83434195654,60000.0,0.032548823234852385
2024-12-03,TQQQ Buy and Hold,140544.08119848184,60000.0,0.008729388942773992
2024-12-04,TQQQ Buy and Hold,145713.13033871446,60000.0,0.03677884615384618
2024-12-05,TQQQ Buy and Hold,144496.88348218912,60000.0,-0.008346858335265463
2024-12-06,TQQQ Buy and Hold,148213.19332157203,60000.0,0.02571896188917452
2024-12-09,TQQQ Buy and Hold,144767.16056141697,60000.0,-0.023250512878960475
2024-12-10,TQQQ Buy and Hold,143179.28272095334,60000.0,-0.010968494749124827
2024-12-11,TQQQ Buy and Hold,150848.39484404356,60000.0,0.053563001415762056
2024-12-12,TQQQ Buy and Hold,147841.56233763375,60000.0,-0.01993281075027997
2024-12-13,TQQQ Buy and Hold,151017.318018561,60000.0,0.021480804387568667
2024-12-16,TQQQ Buy and Hold,157605.32182473983,60000.0,0.043624161073825406
2024-12-17,TQQQ Buy and Hold,155476.88982582052,60000.0,-0.013504823151125304
2024-12-18,TQQQ Buy and Hold,138652.14164388686,60000.0,-0.10821382007822694
2024-12-19,TQQQ Buy and Hold,136726.41745438843,60000.0,-0.013888888888888897
2024-12-20,TQQQ Buy and Hold,140240.01948435046,60000.0,0.025698047936743247
2024-12-23,TQQQ Buy and Hold,143686.05224450555,60000.0,0.024572392194651967
2024-12-24,TQQQ Buy and Hold,149395.65554319386,60000.0,0.03973665647778034
2024-12-26,TQQQ Buy and Hold,149091.59382906253,60000.0,-0.0020352781546810563
2024-12-27,TQQQ Buy and Hold,143010.3595464359,60000.0,-0.040788579197824706
2024-12-30,TQQQ Buy and Hold,137266.97161284412,60000.0,-0.04016064257028103
2024-12-31,TQQQ Buy and Hold,133652.01567817162,60000.0,-0.026335220280580857
