Date,Strategy_Name,Portfolio_Value,Daily_Return
2024-01-02,QQQ 50 Day SMA w/ Gradient,10000.0,0.0
2024-01-03,QQQ 50 Day SMA w/ Gradient,9680.099709181555,-0.031990029081844604
2024-01-04,QQQ 50 Day SMA w/ Gradient,9518.072289156627,-0.01673819742489273
2024-01-05,QQQ 50 Day SMA w/ Gradient,9551.308683007894,0.003491924923614068
2024-01-08,QQQ 50 Day SMA w/ Gradient,10128.79102617366,0.06046107003044805
2024-01-09,QQQ 50 Day SMA w/ Gradient,10191.109264644785,0.00615258408531592
2024-01-10,QQQ 50 Day SMA w/ Gradient,10394.682176983795,0.019975540154912288
2024-01-11,QQQ 50 Day SMA w/ Gradient,10444.536767760696,0.004796163069544404
2024-01-12,QQQ 50 Day SMA w/ Gradient,10457.00041545492,0.0011933174224344127
2024-01-16,QQQ 50 Day SMA w/ Gradient,10452.845866223512,-0.00039729837107674065
2024-01-17,QQQ 50 Day SMA w/ Gradient,10270.045700041543,-0.017488076311605774
2024-01-18,QQQ 50 Day SMA w/ Gradient,10710.427918570833,0.04288025889967647
2024-01-19,QQQ 50 Day SMA w/ Gradient,11329.455754050683,0.05779674166020164
2024-01-22,QQQ 50 Day SMA w/ Gradient,11375.155795596174,0.004033736707004013
2024-01-23,QQQ 50 Day SMA w/ Gradient,11508.101371001243,0.0116873630387144
2024-01-24,QQQ 50 Day SMA w/ Gradient,11699.21063564603,0.01660649819494588
2024-01-25,QQQ 50 Day SMA w/ Gradient,11732.447029497296,0.0028409090909090303
2024-01-26,QQQ 50 Day SMA w/ Gradient,11516.410469464061,-0.018413597733711033
2024-01-29,QQQ 50 Day SMA w/ Gradient,11852.928957208142,0.029220779220779303
2024-01-30,QQQ 50 Day SMA w/ Gradient,11620.27420024927,-0.019628461268839898
2024-01-31,QQQ 50 Day SMA w/ Gradient,10934.773577066886,-0.058991776903825476
2024-02-01,QQQ 50 Day SMA w/ Gradient,11321.146655587867,0.03533434650455926
2024-02-02,QQQ 50 Day SMA w/ Gradient,11890.319900290817,0.0502752293577982
2024-02-05,QQQ 50 Day SMA w/ Gradient,11832.156211051099,-0.004891684136967176
2024-02-06,QQQ 50 Day SMA w/ Gradient,11761.528874117155,-0.005969101123595565
2024-02-07,QQQ 50 Day SMA w/ Gradient,12114.66555878687,0.030024726245143112
2024-02-08,QQQ 50 Day SMA w/ Gradient,12160.365600332361,0.0037722908093278267
2024-02-09,QQQ 50 Day SMA w/ Gradient,12521.811383464892,0.02972326614280837
2024-02-12,QQQ 50 Day SMA w/ Gradient,12372.24761113419,-0.011944260119442583
2024-02-13,QQQ 50 Day SMA w/ Gradient,11786.456169505605,-0.04734721289456011
2024-02-14,QQQ 50 Day SMA w/ Gradient,12160.36560033236,0.031723651744800796
2024-02-15,QQQ 50 Day SMA w/ Gradient,12260.074781886162,0.008199521694567885
2024-02-16,QQQ 50 Day SMA w/ Gradient,11923.556294142081,-0.0274483226025077
2024-02-20,QQQ 50 Day SMA w/ Gradient,11649.356044869128,-0.022996515679442515
2024-02-21,QQQ 50 Day SMA w/ Gradient,11503.946821769834,-0.012482168330955702
2024-02-22,QQQ 50 Day SMA w/ Gradient,12496.884088076438,0.08631274828457916
2024-02-23,QQQ 50 Day SMA w/ Gradient,12384.711258828413,-0.008976063829787221
2024-02-26,QQQ 50 Day SMA w/ Gradient,12368.09306190278,-0.0013418316001341545
2024-02-27,QQQ 50 Day SMA w/ Gradient,12442.87494806813,0.006046355391333548
2024-02-28,QQQ 50 Day SMA w/ Gradient,12243.456584960528,-0.01602671118530886
2024-02-29,QQQ 50 Day SMA w/ Gradient,12538.429580390524,0.024092297251442175
2024-03-01,QQQ 50 Day SMA w/ Gradient,13115.911923556292,0.04605699138502321
2024-03-04,QQQ 50 Day SMA w/ Gradient,12958.039052762773,-0.012036743744060786
2024-03-05,QQQ 50 Day SMA w/ Gradient,12264.22933111757,-0.05354280218018601
2024-03-06,QQQ 50 Day SMA w/ Gradient,12492.729538845033,0.01863143631436317
2024-03-07,QQQ 50 Day SMA w/ Gradient,13049.439135853758,0.04456268706351845
2024-03-08,QQQ 50 Day SMA w/ Gradient,12476.1113419194,-0.04393505253104104
2024-03-11,QQQ 50 Day SMA w/ Gradient,12330.702118820107,-0.011655011655011703
2024-03-12,QQQ 50 Day SMA w/ Gradient,12854.175321977566,0.0424528301886793
2024-03-13,QQQ 50 Day SMA w/ Gradient,12555.04777731616,-0.023270846800258642
2024-03-14,QQQ 50 Day SMA w/ Gradient,12455.33859576236,-0.007941760423560505
2024-03-15,QQQ 50 Day SMA w/ Gradient,11998.338180307437,-0.0366911274182789
2024-03-18,QQQ 50 Day SMA w/ Gradient,12096.77587371151,0.008204277286135698
2024-03-19,QQQ 50 Day SMA w/ Gradient,12182.33744102304,0.007073088582014055
2024-03-20,QQQ 50 Day SMA w/ Gradient,12569.401674099025,0.03177257525083622
2024-03-21,QQQ 50 Day SMA w/ Gradient,12732.376088025754,0.012965964343598008
2024-03-22,QQQ 50 Day SMA w/ Gradient,12760.896610462933,0.002240000000000009
2024-03-25,QQQ 50 Day SMA w/ Gradient,12630.517079321547,-0.010217113665389537
2024-03-26,QQQ 50 Day SMA w/ Gradient,12508.2862688765,-0.009677419354838733
2024-03-27,QQQ 50 Day SMA w/ Gradient,12622.36835862521,0.009120521172638474
2024-03-28,QQQ 50 Day SMA w/ Gradient,12540.881151661844,-0.006455777921239486
2024-04-01,QQQ 50 Day SMA w/ Gradient,12618.29399827704,0.0061728395061727654
2024-04-02,QQQ 50 Day SMA w/ Gradient,12280.122089379076,-0.026800129157248897
2024-04-03,QQQ 50 Day SMA w/ Gradient,12307.682835833442,0.002244338146947494
2024-04-04,QQQ 50 Day SMA w/ Gradient,12119.490264084438,-0.015290658222121799
2024-04-05,QQQ 50 Day SMA w/ Gradient,12262.305041166153,0.01178389304911116
2024-04-08,QQQ 50 Day SMA w/ Gradient,12265.924129084404,0.0002951392830385621
2024-04-09,QQQ 50 Day SMA w/ Gradient,12311.301923751693,0.0036995006808896854
2024-04-10,QQQ 50 Day SMA w/ Gradient,12203.8428517175,-0.00872848969992993
2024-04-11,QQQ 50 Day SMA w/ Gradient,12398.716816546348,0.015968246002235554
2024-04-12,QQQ 50 Day SMA w/ Gradient,12201.05893793423,-0.01594180119900313
2024-04-15,QQQ 50 Day SMA w/ Gradient,12000.338754160515,-0.016451046158760536
2024-04-16,QQQ 50 Day SMA w/ Gradient,12001.452319673823,9.279450656525881e-05
2024-04-17,QQQ 50 Day SMA w/ Gradient,11855.018454673858,-0.012201345395499994
2024-04-18,QQQ 50 Day SMA w/ Gradient,12064.930248559314,0.01770657672849916
2024-04-19,QQQ 50 Day SMA w/ Gradient,12834.60682613932,0.06379453189726594
2024-04-22,QQQ 50 Day SMA w/ Gradient,12464.762236912564,-0.02881619937694704
2024-04-23,QQQ 50 Day SMA w/ Gradient,11904.997453218015,-0.04490777866880513
2024-04-24,QQQ 50 Day SMA w/ Gradient,11805.039456129703,-0.008396305625524769
2024-04-25,QQQ 50 Day SMA w/ Gradient,11994.959650597497,0.016088060965283656
2024-04-26,QQQ 50 Day SMA w/ Gradient,11425.199067194117,-0.0475
2024-04-29,QQQ 50 Day SMA w/ Gradient,11471.589086608477,0.004060324825986079
2024-04-30,QQQ 50 Day SMA w/ Gradient,11255.27905322494,-0.018856152512998325
2024-05-01,QQQ 50 Day SMA w/ Gradient,11509.582429322909,0.022594142259414227
2024-05-02,QQQ 50 Day SMA w/ Gradient,11095.162112718812,-0.03600654664484452
2024-05-03,QQQ 50 Day SMA w/ Gradient,10435.857063575928,-0.059422750424448216
2024-05-06,QQQ 50 Day SMA w/ Gradient,10550.165500687292,0.01095343069716171
2024-05-07,QQQ 50 Day SMA w/ Gradient,10551.842982992908,0.00015900056785915544
2024-05-08,QQQ 50 Day SMA w/ Gradient,10545.612334429186,-0.0005904796511627701
2024-05-09,QQQ 50 Day SMA w/ Gradient,10568.617806049082,0.002181520701722446
2024-05-10,QQQ 50 Day SMA w/ Gradient,10593.540400303971,0.0023581696975194335
2024-05-13,QQQ 50 Day SMA w/ Gradient,10617.983713900112,0.002307379088811432
2024-05-14,QQQ 50 Day SMA w/ Gradient,10686.281207771683,0.0064322469982847855
2024-05-15,QQQ 50 Day SMA w/ Gradient,11183.07172880558,0.046488625123639965
2024-05-16,QQQ 50 Day SMA w/ Gradient,11112.604988233395,-0.006301197227473198
2024-05-17,QQQ 50 Day SMA w/ Gradient,11087.941629033132,-0.002219403931515545
2024-05-20,QQQ 50 Day SMA w/ Gradient,11316.958535892727,0.020654591674610697
2024-05-21,QQQ 50 Day SMA w/ Gradient,11373.331928350475,0.004981320049813316
2024-05-22,QQQ 50 Day SMA w/ Gradient,11366.285254293256,-0.0006195786864932815
2024-05-23,QQQ 50 Day SMA w/ Gradient,11197.165076920017,-0.014879107253564691
2024-05-24,QQQ 50 Day SMA w/ Gradient,11510.742072466235,0.028005034612964146
2024-05-28,QQQ 50 Day SMA w/ Gradient,11637.582205496165,0.011019283746556455
2024-05-29,QQQ 50 Day SMA w/ Gradient,11394.471950522131,-0.02089009990917341
2024-05-30,QQQ 50 Day SMA w/ Gradient,11028.044899546774,-0.03215831787260367
2024-05-31,QQQ 50 Day SMA w/ Gradient,11013.951551432338,-0.001277955271565468
2024-06-03,QQQ 50 Day SMA w/ Gradient,11123.174999319222,0.009916826615483003
2024-06-04,QQQ 50 Day SMA w/ Gradient,11207.735088005842,0.007602153943617309
2024-06-05,QQQ 50 Day SMA w/ Gradient,11880.692460470198,0.060044011317195854
2024-06-06,QQQ 50 Day SMA w/ Gradient,11870.122449384371,-0.0008896797153025249
2024-06-07,QQQ 50 Day SMA w/ Gradient,11824.319068012453,-0.0038587117839120055
2024-06-10,QQQ 50 Day SMA w/ Gradient,11951.159201042383,0.010727056019070305
2024-06-11,QQQ 50 Day SMA w/ Gradient,12197.792793045026,0.020636792452830063
2024-06-12,QQQ 50 Day SMA w/ Gradient,12676.966628935877,0.03928365106874637
2024-06-13,QQQ 50 Day SMA w/ Gradient,12881.320176595213,0.016120066703724442
2024-06-14,QQQ 50 Day SMA w/ Gradient,13064.533702082888,0.014223194748358753
2024-06-17,QQQ 50 Day SMA w/ Gradient,13540.18420094513,0.0364077669902913
2024-06-18,QQQ 50 Day SMA w/ Gradient,13547.23087500235,0.000520426749935028
2024-06-20,QQQ 50 Day SMA w/ Gradient,13226.607205398912,-0.023667100130039104
2024-06-21,QQQ 50 Day SMA w/ Gradient,13106.8137464262,-0.00905700586041546
2024-06-24,QQQ 50 Day SMA w/ Gradient,12662.873280821439,-0.03387096774193562
2024-06-25,QQQ 50 Day SMA w/ Gradient,13085.673724254544,0.03338898163606018
2024-06-26,QQQ 50 Day SMA w/ Gradient,13117.383757512025,0.0024232633279482043
2024-06-27,QQQ 50 Day SMA w/ Gradient,13212.513857284473,0.007252215954875185
2024-06-28,QQQ 50 Day SMA w/ Gradient,13004.63697259653,-0.015733333333333425
2024-07-01,QQQ 50 Day SMA w/ Gradient,13216.037194313083,0.01625575724735848
2024-07-02,QQQ 50 Day SMA w/ Gradient,13624.74428963175,0.030925086643561816
2024-07-03,QQQ 50 Day SMA w/ Gradient,13959.461307349622,0.02456684768554424
2024-07-05,QQQ 50 Day SMA w/ Gradient,14378.73841375412,0.03003533568904606
2024-07-08,QQQ 50 Day SMA w/ Gradient,14473.868513526568,0.006616025483949914
2024-07-09,QQQ 50 Day SMA w/ Gradient,14505.57854678405,0.0021908471275560713
2024-07-10,QQQ 50 Day SMA w/ Gradient,14963.612360503246,0.03157639057566182
2024-07-11,QQQ 50 Day SMA w/ Gradient,13977.077992492674,-0.06592889098186949
2024-07-12,QQQ 50 Day SMA w/ Gradient,14206.094899352272,0.01638517771615827
2024-07-15,QQQ 50 Day SMA w/ Gradient,14311.795010210546,0.00744047619047612
2024-07-16,QQQ 50 Day SMA w/ Gradient,14322.365021296373,0.0007385524372230709
2024-07-17,QQQ 50 Day SMA w/ Gradient,13064.53370208289,-0.08782287822878229
2024-07-18,QQQ 50 Day SMA w/ Gradient,12867.226828480776,-0.015102481121898468
2024-07-19,QQQ 50 Day SMA w/ Gradient,12518.416462648465,-0.02710843373493981
2024-07-22,QQQ 50 Day SMA w/ Gradient,12704.912524755086,0.014897735880818079
2024-07-23,QQQ 50 Day SMA w/ Gradient,12567.858452211882,-0.010787486515641818
2024-07-24,QQQ 50 Day SMA w/ Gradient,12117.045169959514,-0.035870334151720716
2024-07-25,QQQ 50 Day SMA w/ Gradient,11983.422439547125,-0.011027666278216611
2024-07-26,QQQ 50 Day SMA w/ Gradient,11638.115709698915,-0.0288153681963714
2024-07-29,QQQ 50 Day SMA w/ Gradient,11574.170018986284,-0.005494505494505495
2024-07-30,QQQ 50 Day SMA w/ Gradient,11415.240372465607,-0.013731407630954958
2024-07-31,QQQ 50 Day SMA w/ Gradient,10398.400296869519,-0.08907741251325557
2024-08-01,QQQ 50 Day SMA w/ Gradient,10146.535929817317,-0.024221453287197166
2024-08-02,QQQ 50 Day SMA w/ Gradient,10883.865547276928,0.07266811279826464
2024-08-05,QQQ 50 Day SMA w/ Gradient,11874.308316998791,0.0910010111223458
2024-08-06,QQQ 50 Day SMA w/ Gradient,11544.160727091503,-0.027803521779425393
2024-08-07,QQQ 50 Day SMA w/ Gradient,11918.327995653095,0.032411820781696854
2024-08-08,QQQ 50 Day SMA w/ Gradient,10828.840948959045,-0.09141274238227147
2024-08-09,QQQ 50 Day SMA w/ Gradient,10674.772073668977,-0.014227642276422764
2024-08-12,QQQ 50 Day SMA w/ Gradient,10619.747475351096,-0.005154639175257732
2024-08-13,QQQ 50 Day SMA w/ Gradient,9838.398179237181,-0.07357512953367876
2024-08-14,QQQ 50 Day SMA w/ Gradient,9827.393259573604,-0.0011185682326621924
2024-08-15,QQQ 50 Day SMA w/ Gradient,9090.063642113993,-0.07502799552071669
2024-08-16,QQQ 50 Day SMA w/ Gradient,9101.751468979826,0.001285780532017952
2024-08-19,QQQ 50 Day SMA w/ Gradient,9221.312189705746,0.013136012462370818
2024-08-20,QQQ 50 Day SMA w/ Gradient,9201.96021407543,-0.002098614083570534
2024-08-21,QQQ 50 Day SMA w/ Gradient,9244.87944715653,0.004664140257360615
2024-08-22,QQQ 50 Day SMA w/ Gradient,9098.302602035812,-0.0158549222797927
2024-08-23,QQQ 50 Day SMA w/ Gradient,9196.978517378519,0.010845530167421243
2024-08-26,QQQ 50 Day SMA w/ Gradient,9107.691184272302,-0.009708333333333385
2024-08-27,QQQ 50 Day SMA w/ Gradient,9134.898912386212,0.0029873353809904825
2024-08-28,QQQ 50 Day SMA w/ Gradient,9031.241300346592,-0.011347428475543184
2024-08-29,QQQ 50 Day SMA w/ Gradient,9018.020643727861,-0.0014638803436936411
2024-08-30,QQQ 50 Day SMA w/ Gradient,9125.51033014972,0.011919432286576204
2024-09-03,QQQ 50 Day SMA w/ Gradient,8848.451352313692,-0.030360929724735926
2024-09-04,QQQ 50 Day SMA w/ Gradient,8907.770579256578,0.0067039106145251395
2024-09-05,QQQ 50 Day SMA w/ Gradient,8897.884041432762,-0.0011098779134295228
2024-09-06,QQQ 50 Day SMA w/ Gradient,9609.714764747385,0.08
2024-09-09,QQQ 50 Day SMA w/ Gradient,9253.799403090075,-0.037037037037037035
2024-09-10,QQQ 50 Day SMA w/ Gradient,9016.522495318535,-0.02564102564102564
2024-09-11,QQQ 50 Day SMA w/ Gradient,8433.216763713497,-0.06469298245614036
2024-09-12,QQQ 50 Day SMA w/ Gradient,8515.997688797963,0.00981605565276775
2024-09-13,QQQ 50 Day SMA w/ Gradient,8554.148897749934,0.004479945902539934
2024-09-16,QQQ 50 Day SMA w/ Gradient,8516.357605863548,-0.004417890352168902
2024-09-17,QQQ 50 Day SMA w/ Gradient,8520.856569183356,0.0005282731806271659
2024-09-18,QQQ 50 Day SMA w/ Gradient,8483.96506996093,-0.004329552894464532
2024-09-19,QQQ 50 Day SMA w/ Gradient,8698.47564104937,0.025284235533684064
2024-09-20,QQQ 50 Day SMA w/ Gradient,8641.783960759165,-0.006517427033153779
2024-09-23,QQQ 50 Day SMA w/ Gradient,8708.335063708537,0.0077010838562463204
2024-09-24,QQQ 50 Day SMA w/ Gradient,8831.577846948116,0.014152278516841213
2024-09-25,QQQ 50 Day SMA w/ Gradient,8831.577846948116,0.0
2024-09-26,QQQ 50 Day SMA w/ Gradient,9021.371733137064,0.02149037119732077
2024-09-27,QQQ 50 Day SMA w/ Gradient,8866.085826255196,-0.01721311475409843
2024-09-30,QQQ 50 Day SMA w/ Gradient,8932.636929204567,0.007506255212677318
2024-10-01,QQQ 50 Day SMA w/ Gradient,8555.51401249146,-0.042218543046357644
2024-10-02,QQQ 50 Day SMA w/ Gradient,8587.55713613375,0.003745318352059999
2024-10-03,QQQ 50 Day SMA w/ Gradient,8567.838290815416,-0.002296211251435287
2024-10-04,QQQ 50 Day SMA w/ Gradient,8871.015537584777,0.03538550057537411
2024-10-07,QQQ 50 Day SMA w/ Gradient,8577.697713474581,-0.0330647402056128
2024-10-08,QQQ 50 Day SMA w/ Gradient,8949.890918858107,0.0433908045977013
2024-10-09,QQQ 50 Day SMA w/ Gradient,9166.798217359763,0.024235747727898525
2024-10-10,QQQ 50 Day SMA w/ Gradient,9134.755093717475,-0.00349556332347393
2024-10-11,QQQ 50 Day SMA w/ Gradient,9156.938794700598,0.002428494333513122
2024-10-14,QQQ 50 Day SMA w/ Gradient,9391.100082855795,0.02557200538358016
2024-10-15,QQQ 50 Day SMA w/ Gradient,9016.44202180748,-0.03989501312335966
2024-10-16,QQQ 50 Day SMA w/ Gradient,9011.512310477898,-0.000546746856205468
2024-10-17,QQQ 50 Day SMA w/ Gradient,9038.625722790604,0.0030087527352297434
2024-10-18,QQQ 50 Day SMA w/ Gradient,9198.841341002053,0.017725661303517822
2024-10-21,QQQ 50 Day SMA w/ Gradient,9250.603309962675,0.0056270096463022735
2024-10-22,QQQ 50 Day SMA w/ Gradient,9275.251866610592,0.002664535038635796
2024-10-23,QQQ 50 Day SMA w/ Gradient,8848.831836601652,-0.04597395694924273
2024-10-24,QQQ 50 Day SMA w/ Gradient,8920.584998353112,0.008108772217216766
2024-10-25,QQQ 50 Day SMA w/ Gradient,9071.081942543013,0.016870748299319657
2024-10-28,QQQ 50 Day SMA w/ Gradient,9078.36405274575,0.0008027829810008332
2024-10-29,QQQ 50 Day SMA w/ Gradient,9330.810539773975,0.02780748663101602
2024-10-30,QQQ 50 Day SMA w/ Gradient,9122.056713962174,-0.02237252861602496
2024-10-31,QQQ 50 Day SMA w/ Gradient,8427.828874634559,-0.07610431080361893
2024-11-01,QQQ 50 Day SMA w/ Gradient,8490.186273355632,0.0073989872894491765
2024-11-04,QQQ 50 Day SMA w/ Gradient,8465.452333080792,-0.0029132388240363043
2024-11-05,QQQ 50 Day SMA w/ Gradient,8573.445593435725,0.012756939157630478
2024-11-06,QQQ 50 Day SMA w/ Gradient,9269.288723585703,0.08116259939676448
2024-11-07,QQQ 50 Day SMA w/ Gradient,9704.190679929441,0.04691858990616286
2024-11-08,QQQ 50 Day SMA w/ Gradient,9727.69889378586,0.002422480620155073
2024-11-11,QQQ 50 Day SMA w/ Gradient,9708.892322700725,-0.0019333011116482695
2024-11-12,QQQ 50 Day SMA w/ Gradient,9657.174252216606,-0.005326876513317164
2024-11-13,QQQ 50 Day SMA w/ Gradient,9614.859467275053,-0.00438169425511197
2024-11-14,QQQ 50 Day SMA w/ Gradient,9410.338006724214,-0.021271393643031725
2024-11-15,QQQ 50 Day SMA w/ Gradient,8728.599804888087,-0.07244566575068695
2024-11-18,QQQ 50 Day SMA w/ Gradient,8789.24315693687,0.006947660954145415
2024-11-19,QQQ 50 Day SMA w/ Gradient,8849.710731153626,0.006879724811007556
2024-11-20,QQQ 50 Day SMA w/ Gradient,8838.26220498137,-0.0012936610608019965
2024-11-21,QQQ 50 Day SMA w/ Gradient,8925.271003890513,0.00984455958549211
2024-11-22,QQQ 50 Day SMA w/ Gradient,8959.616582407281,0.003848127244741039
2024-11-25,QQQ 50 Day SMA w/ Gradient,9000.831276627401,0.0046000511116790115
2024-11-26,QQQ 50 Day SMA w/ Gradient,9140.503295928922,0.01551767997964893
2024-11-27,QQQ 50 Day SMA w/ Gradient,8918.401888187162,-0.024298597194388746
2024-11-29,QQQ 50 Day SMA w/ Gradient,9145.082706397823,0.025417201540436325
2024-12-02,QQQ 50 Day SMA w/ Gradient,9442.744386876471,0.032548823234852385
2024-12-03,QQQ 50 Day SMA w/ Gradient,9525.173775316713,0.008729388942773992
2024-12-04,QQQ 50 Day SMA w/ Gradient,9875.498676187735,0.03677884615384618
2024-12-05,QQQ 50 Day SMA w/ Gradient,9793.069287747494,-0.008346858335265463
2024-12-06,QQQ 50 Day SMA w/ Gradient,10044.936863537116,0.02571896188917452
2024-12-09,QQQ 50 Day SMA w/ Gradient,9811.3869296231,-0.023250512878960475
2024-12-10,QQQ 50 Day SMA w/ Gradient,9703.770783603897,-0.010968494749124827
2024-12-11,QQQ 50 Day SMA w/ Gradient,10223.533871824302,0.053563001415762056
2024-12-12,QQQ 50 Day SMA w/ Gradient,10019.750105958152,-0.01993281075027997
2024-12-13,QQQ 50 Day SMA w/ Gradient,10234.98239799656,0.021480804387568667
2024-12-16,QQQ 50 Day SMA w/ Gradient,10681.474918714532,0.043624161073825406
2024-12-17,QQQ 50 Day SMA w/ Gradient,10537.223488944112,-0.013504823151125304
2024-12-18,QQQ 50 Day SMA w/ Gradient,9396.950282187447,-0.10821382007822694
2024-12-19,QQQ 50 Day SMA w/ Gradient,9266.437083823732,-0.013888888888888897
2024-12-20,QQQ 50 Day SMA w/ Gradient,9347.356434440004,0.008732520372639418
2024-12-23,QQQ 50 Day SMA w/ Gradient,9577.043342730267,0.024572392194651967
2024-12-24,QQQ 50 Day SMA w/ Gradient,9957.603024113152,0.03973665647778034
2024-12-26,QQQ 50 Day SMA w/ Gradient,9937.336532205189,-0.0020352781546810563
2024-12-27,QQQ 50 Day SMA w/ Gradient,9532.0066940459,-0.040788579197824706
2024-12-30,QQQ 50 Day SMA w/ Gradient,9149.195180228797,-0.04016064257028103
2024-12-31,QQQ 50 Day SMA w/ Gradient,9071.47466493739,-0.008494792575784013
2025-01-02,QQQ 50 Day SMA w/ Gradient,9053.730255053508,-0.0019560667409972026
2025-01-03,QQQ 50 Day SMA w/ Gradient,9201.89607758393,0.016365168649432653
2025-01-06,QQQ 50 Day SMA w/ Gradient,9307.65276049187,0.011492922981989128
2025-01-07,QQQ 50 Day SMA w/ Gradient,8807.311802240078,-0.05375586854460092
2025-01-08,QQQ 50 Day SMA w/ Gradient,8808.850406343889,0.00017469622267951365
2025-01-10,QQQ 50 Day SMA w/ Gradient,8670.717949023923,-0.015681099229530118
2025-01-13,QQQ 50 Day SMA w/ Gradient,8642.852119143781,-0.0032137857607602584
2025-01-14,QQQ 50 Day SMA w/ Gradient,8634.646230590119,-0.0009494422027059462
2025-01-15,QQQ 50 Day SMA w/ Gradient,8833.297115993337,0.02300625643462434
2025-01-16,QQQ 50 Day SMA w/ Gradient,8771.411039817807,-0.007005999612928206
2025-01-17,QQQ 50 Day SMA w/ Gradient,8919.45894580678,0.016878459499493192
2025-01-21,QQQ 50 Day SMA w/ Gradient,8971.771485336369,0.005864990225016187
2025-01-22,QQQ 50 Day SMA w/ Gradient,9086.482969076094,0.012785823170731778
2025-01-23,QQQ 50 Day SMA w/ Gradient,9142.367944056745,0.0061503416856492745
2025-01-24,QQQ 50 Day SMA w/ Gradient,8978.852646891139,-0.01788544260810503
2025-01-27,QQQ 50 Day SMA w/ Gradient,8190.253555497518,-0.0878284923928078
2025-01-28,QQQ 50 Day SMA w/ Gradient,8311.305123965227,0.014779953715407924
2025-01-29,QQQ 50 Day SMA w/ Gradient,8295.695842768077,-0.0018780782277072203
2025-01-30,QQQ 50 Day SMA w/ Gradient,8331.055643031012,0.004262427279534423
2025-01-31,QQQ 50 Day SMA w/ Gradient,8318.95048618424,-0.0014530159640569562
2025-02-03,QQQ 50 Day SMA w/ Gradient,8252.372123527,-0.00800321660380239
2025-02-04,QQQ 50 Day SMA w/ Gradient,8353.673172928928,0.012275385535890087
2025-02-05,QQQ 50 Day SMA w/ Gradient,8391.58142726487,0.004537914466032367
2025-02-06,QQQ 50 Day SMA w/ Gradient,8435.382981644634,0.0052197020024674955
2025-02-07,QQQ 50 Day SMA w/ Gradient,8328.985024096699,-0.012613293051359636
2025-02-10,QQQ 50 Day SMA w/ Gradient,8429.808238359936,0.012105102118871034
2025-02-11,QQQ 50 Day SMA w/ Gradient,8409.739162535026,-0.0023807274444969124
2025-02-12,QQQ 50 Day SMA w/ Gradient,8414.676792301472,0.0005871323320516401
2025-02-13,QQQ 50 Day SMA w/ Gradient,8535.728360769182,0.014385765663448843
2025-02-14,QQQ 50 Day SMA w/ Gradient,8635.696350579994,0.011711711711711783
2025-02-18,QQQ 50 Day SMA w/ Gradient,8687.602806827914,0.006010685663401514
2025-02-19,QQQ 50 Day SMA w/ Gradient,8689.525268170431,0.00022128789555222653
2025-02-20,QQQ 50 Day SMA w/ Gradient,8583.789894332074,-0.012168141592920447
2025-02-21,QQQ 50 Day SMA w/ Gradient,8045.500718427712,-0.06270996640537507
2025-02-24,QQQ 50 Day SMA w/ Gradient,7950.529308259227,-0.011804288321167951
2025-02-25,QQQ 50 Day SMA w/ Gradient,7850.358175150763,-0.012599303672071776
2025-02-26,QQQ 50 Day SMA w/ Gradient,7869.3218705789295,0.002415647159666281
2025-02-27,QQQ 50 Day SMA w/ Gradient,7650.780574072064,-0.027771299751243712
2025-02-28,QQQ 50 Day SMA w/ Gradient,7297.524605888907,-0.0461725394896719
2025-03-03,QQQ 50 Day SMA w/ Gradient,7769.307247607204,0.06464968152866246
2025-03-04,QQQ 50 Day SMA w/ Gradient,7857.621239652994,0.011367035596769402
2025-03-05,QQQ 50 Day SMA w/ Gradient,7555.494424759504,-0.03845016267376516
2025-03-06,QQQ 50 Day SMA w/ Gradient,8173.692369080029,0.08182097816056587
2025-03-07,QQQ 50 Day SMA w/ Gradient,8011.008699521996,-0.0199033266988911
2025-03-10,QQQ 50 Day SMA w/ Gradient,8917.389144202465,0.11314186248912098
2025-03-11,QQQ 50 Day SMA w/ Gradient,9017.323398359542,0.011206671879072221
2025-03-12,QQQ 50 Day SMA w/ Gradient,8712.872531043793,-0.033762886597938205
2025-03-13,QQQ 50 Day SMA w/ Gradient,9189.303277606603,0.054681248332888774
2025-03-14,QQQ 50 Day SMA w/ Gradient,8536.244546952214,-0.07106727364693972
2025-03-17,QQQ 50 Day SMA w/ Gradient,8371.236824971922,-0.019330247753879724
2025-03-18,QQQ 50 Day SMA w/ Gradient,8794.214365822807,0.05052748473070513
2025-03-19,QQQ 50 Day SMA w/ Gradient,8459.55081701771,-0.03805496828752637
2025-03-20,QQQ 50 Day SMA w/ Gradient,8540.892651796727,0.009615384615384616
2025-03-21,QQQ 50 Day SMA w/ Gradient,8459.55081701771,-0.009523809523809525
2025-03-24,QQQ 50 Day SMA w/ Gradient,7931.9909171652325,-0.06236263736263733
2025-03-25,QQQ 50 Day SMA w/ Gradient,7790.223719407517,-0.017872839144447768
2025-03-26,QQQ 50 Day SMA w/ Gradient,8101.646743990038,0.039976133651551414
2025-03-27,QQQ 50 Day SMA w/ Gradient,8243.41394174775,0.017498565691336676
2025-03-28,QQQ 50 Day SMA w/ Gradient,8901.120777246655,0.07978573442345648
2025-03-31,QQQ 50 Day SMA w/ Gradient,8910.416986935687,0.0010443864229764419
2025-04-01,QQQ 50 Day SMA w/ Gradient,8701.252268932501,-0.02347417840375587
2025-04-02,QQQ 50 Day SMA w/ Gradient,8506.031865462863,-0.022435897435897377
2025-04-03,QQQ 50 Day SMA w/ Gradient,9884.194951861627,0.1620218579234973
2025-04-04,QQQ 50 Day SMA w/ Gradient,11703.927998489338,0.18410533740888788
2025-04-07,QQQ 50 Day SMA w/ Gradient,11659.771002466443,-0.0037728355837967314
2025-04-08,QQQ 50 Day SMA w/ Gradient,12310.505680698576,0.055810245166434236
2025-04-09,QQQ 50 Day SMA w/ Gradient,7966.851703499096,-0.35284123088540686
2025-04-10,QQQ 50 Day SMA w/ Gradient,8880.204305446337,0.11464410735122524
2025-04-11,QQQ 50 Day SMA w/ Gradient,8417.717873417072,-0.052080607170897755
2025-04-14,QQQ 50 Day SMA w/ Gradient,8238.765836903236,-0.021258972943125315
2025-04-15,QQQ 50 Day SMA w/ Gradient,8213.201260258402,-0.0031029619181947043
2025-04-16,QQQ 50 Day SMA w/ Gradient,8956.898035380838,0.09054895302773062
2025-04-17,QQQ 50 Day SMA w/ Gradient,8980.138559603414,0.002594706798131811
2025-04-21,QQQ 50 Day SMA w/ Gradient,9642.493499946833,0.07375776397515528
2025-04-22,QQQ 50 Day SMA w/ Gradient,8896.47267240214,-0.07736804049168466
2025-04-23,QQQ 50 Day SMA w/ Gradient,8310.811461993222,-0.06583072100313477
2025-04-24,QQQ 50 Day SMA w/ Gradient,7604.299525626908,-0.08501118568232671
2025-04-25,QQQ 50 Day SMA w/ Gradient,7355.625916445343,-0.032701711491442506
2025-04-28,QQQ 50 Day SMA w/ Gradient,7353.291093592231,-0.0003174200101573922
2025-04-29,QQQ 50 Day SMA w/ Gradient,7401.855408936968,0.006604432590334556
2025-04-30,QQQ 50 Day SMA w/ Gradient,7400.921479795724,-0.00012617500473144792
2025-05-01,QQQ 50 Day SMA w/ Gradient,7497.583145914577,0.013060760931288997
2025-05-02,QQQ 50 Day SMA w/ Gradient,7608.876368579601,0.014843879754193608
2025-05-05,QQQ 50 Day SMA w/ Gradient,7475.746634001493,-0.017496635262449517
2025-05-06,QQQ 50 Day SMA w/ Gradient,7263.251096117204,-0.028424657534246518
2025-05-07,QQQ 50 Day SMA w/ Gradient,7291.766383651035,0.003925967470555215
2025-05-08,QQQ 50 Day SMA w/ Gradient,7510.265306645455,0.029965156794425067
2025-05-09,QQQ 50 Day SMA w/ Gradient,7492.4805105877695,-0.0023680649526387106
2025-05-12,QQQ 50 Day SMA w/ Gradient,8399.505109529728,0.12105798575788417
2025-05-13,QQQ 50 Day SMA w/ Gradient,8783.148567345514,0.04567453115547483
2025-05-14,QQQ 50 Day SMA w/ Gradient,8938.130361562487,0.01764535724616718
2025-05-15,QQQ 50 Day SMA w/ Gradient,8966.077898224565,0.0031267765776008933
2025-05-16,QQQ 50 Day SMA w/ Gradient,9075.327359721776,0.012184754888070267
2025-05-19,QQQ 50 Day SMA w/ Gradient,9100.734211232755,0.002799552071668573
2025-05-20,QQQ 50 Day SMA w/ Gradient,9004.188175491034,-0.010608598548297113
2025-05-21,QQQ 50 Day SMA w/ Gradient,8630.70745827964,-0.04147855530474038
2025-05-22,QQQ 50 Day SMA w/ Gradient,8676.439790999402,0.005298793052693545
2025-05-23,QQQ 50 Day SMA w/ Gradient,8424.911961040707,-0.02898975109809669
2025-05-27,QQQ 50 Day SMA w/ Gradient,9011.810230944327,0.06966224366706883
2025-05-28,QQQ 50 Day SMA w/ Gradient,8894.938713993823,-0.012968705948689057
2025-05-29,QQQ 50 Day SMA w/ Gradient,8940.671046713585,0.00514138817480719
2025-05-30,QQQ 50 Day SMA w/ Gradient,8892.398028842725,-0.005399261153736793
2025-06-02,QQQ 50 Day SMA w/ Gradient,9098.193526081655,0.023142857142857208
2025-06-03,QQQ 50 Day SMA w/ Gradient,9309.070393622782,0.02317788327282877
2025-06-04,QQQ 50 Day SMA w/ Gradient,9385.29094815572,0.008187772925764114
2025-06-05,QQQ 50 Day SMA w/ Gradient,9166.792025161298,-0.02328099621007037
2025-06-06,QQQ 50 Day SMA w/ Gradient,9425.941910573287,0.028270509977827138
2025-06-09,QQQ 50 Day SMA w/ Gradient,9469.133558141952,0.004582210242587647
2025-06-10,QQQ 50 Day SMA w/ Gradient,9652.062889021001,0.019318486718540348
2025-06-11,QQQ 50 Day SMA w/ Gradient,9552.976168128182,-0.010265859436693881
2025-06-12,QQQ 50 Day SMA w/ Gradient,9616.493296905628,0.006648936170212766
2025-06-13,QQQ 50 Day SMA w/ Gradient,9253.175320298626,-0.03778071334214002
2025-06-16,QQQ 50 Day SMA w/ Gradient,9629.196722661118,0.040637012630422756
2025-06-17,QQQ 50 Day SMA w/ Gradient,9344.639985738151,-0.029551451187335025
2025-06-18,QQQ 50 Day SMA w/ Gradient,9331.93655998266,-0.0013594344752584084
2025-06-20,QQQ 50 Day SMA w/ Gradient,9202.361617276665,-0.013885107541519141
2025-06-23,QQQ 50 Day SMA w/ Gradient,9489.459039350731,0.031198233020430774
2025-06-24,QQQ 50 Day SMA w/ Gradient,9921.375515037376,0.04551539491298516
2025-06-25,QQQ 50 Day SMA w/ Gradient,9969.648532908239,0.004865556978233159
2025-06-26,QQQ 50 Day SMA w/ Gradient,10241.501844075716,0.027268093781855254
2025-06-27,QQQ 50 Day SMA w/ Gradient,10343.129250119631,0.009923096005953822
2025-06-30,QQQ 50 Day SMA w/ Gradient,10543.843377056368,0.019405551461557334
2025-07-01,QQQ 50 Day SMA w/ Gradient,10274.530751039989,-0.02554216867469885
2025-07-02,QQQ 50 Day SMA w/ Gradient,10480.326248278921,0.020029673590504508
2025-07-03,QQQ 50 Day SMA w/ Gradient,10772.505040655182,0.027878787878787843
2025-07-07,QQQ 50 Day SMA w/ Gradient,10533.680636451978,-0.022169811320754663
2025-07-08,QQQ 50 Day SMA w/ Gradient,10546.384062207468,0.0012059816690785615
2025-07-09,QQQ 50 Day SMA w/ Gradient,10767.423670352988,0.020958805107203195
2025-07-10,QQQ 50 Day SMA w/ Gradient,10716.60996733103,-0.00471920717319497
2025-07-11,QQQ 50 Day SMA w/ Gradient,10635.308042495895,-0.007586533902323383
2025-07-14,QQQ 50 Day SMA w/ Gradient,10749.638874295304,0.010750119445771688
2025-07-15,QQQ 50 Day SMA w/ Gradient,10777.58641095738,0.0025998581895532837
2025-07-16,QQQ 50 Day SMA w/ Gradient,10805.533947619457,0.0025931164545025796
2025-07-17,QQQ 50 Day SMA w/ Gradient,11059.602462729248,0.02351281448389372
2025-07-18,QQQ 50 Day SMA w/ Gradient,11021.49218546278,-0.0034458993797380788
2025-07-21,QQQ 50 Day SMA w/ Gradient,11186.636720284143,0.01498386353158134
2025-07-22,QQQ 50 Day SMA w/ Gradient,11013.870130009485,-0.015444015444015437
2025-07-23,QQQ 50 Day SMA w/ Gradient,11158.689183622068,0.013148788927335646
2025-07-24,QQQ 50 Day SMA w/ Gradient,11232.369053003908,0.006602914389799616
2025-07-25,QQQ 50 Day SMA w/ Gradient,11295.886181781356,0.005654829224157431
2025-07-28,QQQ 50 Day SMA w/ Gradient,11405.135643278567,0.009671614934772824
2025-07-29,QQQ 50 Day SMA w/ Gradient,11354.321940256608,-0.004455335263978678
2025-07-30,QQQ 50 Day SMA w/ Gradient,11394.972902674177,0.003580219288431499
2025-07-31,QQQ 50 Day SMA w/ Gradient,11204.421516341834,-0.016722408026755852
2025-08-01,QQQ 50 Day SMA w/ Gradient,10533.680636451983,-0.059863945578231305
2025-08-04,QQQ 50 Day SMA w/ Gradient,11110.41616575121,0.054751567776169706
2025-08-05,QQQ 50 Day SMA w/ Gradient,10879.2138170013,-0.02080951292019201
2025-08-06,QQQ 50 Day SMA w/ Gradient,11285.72344117697,0.0373657169546941
2025-08-07,QQQ 50 Day SMA w/ Gradient,11400.054272976377,0.010130571814497877
2025-08-08,QQQ 50 Day SMA w/ Gradient,11707.477176259226,0.026966792957432605
2025-08-11,QQQ 50 Day SMA w/ Gradient,11603.309085064211,-0.008897569444444371
2025-08-12,QQQ 50 Day SMA w/ Gradient,12032.68487559976,0.03700459820451057
2025-08-13,QQQ 50 Day SMA w/ Gradient,12050.469671657445,0.0014780405405405465
2025-08-14,QQQ 50 Day SMA w/ Gradient,12017.44076469317,-0.0027408812987561155
2025-08-15,QQQ 50 Day SMA w/ Gradient,11847.21485956961,-0.014164904862579169
2025-08-18,QQQ 50 Day SMA w/ Gradient,11831.970748663023,-0.0012867252841518822
2025-08-19,QQQ 50 Day SMA w/ Gradient,11349.24056995442,-0.04079879750912602
2025-08-20,QQQ 50 Day SMA w/ Gradient,11140.90438756439,-0.018356839041862555
2025-08-21,QQQ 50 Day SMA w/ Gradient,11089.324303635392,-0.004629793249690766
2025-08-22,QQQ 50 Day SMA w/ Gradient,11260.404811018207,0.015427496094304884
2025-08-25,QQQ 50 Day SMA w/ Gradient,11160.733159670403,-0.0088515158220845
2025-08-26,QQQ 50 Day SMA w/ Gradient,11290.30630642255,0.011609734315695537
2025-08-27,QQQ 50 Day SMA w/ Gradient,11342.633923380148,0.004634738468329306
2025-08-28,QQQ 50 Day SMA w/ Gradient,11549.452599926843,0.018233743409490296
2025-08-29,QQQ 50 Day SMA w/ Gradient,11133.323455549758,-0.03603020496224383
2025-09-02,QQQ 50 Day SMA w/ Gradient,11040.025268106687,-0.008380084151472603
2025-09-03,QQQ 50 Day SMA w/ Gradient,11126.88236729532,0.007867472861638636
2025-09-04,QQQ 50 Day SMA w/ Gradient,11227.597565455622,0.009051519988773252
2025-09-05,QQQ 50 Day SMA w/ Gradient,11264.401316216514,0.003277972027971997
2025-09-08,QQQ 50 Day SMA w/ Gradient,11423.884236180373,0.014158135482465818
2025-09-09,QQQ 50 Day SMA w/ Gradient,11517.120404774629,0.00816151202749131
2025-09-10,QQQ 50 Day SMA w/ Gradient,11529.388321694925,0.0010651896037495582
2025-09-11,QQQ 50 Day SMA w/ Gradient,11723.221409035614,0.016812087678229393
2025-09-12,QQQ 50 Day SMA w/ Gradient,11870.436412079174,0.012557555462536656
2025-09-15,QQQ 50 Day SMA w/ Gradient,12174.680751702534,0.025630425795783274
2025-09-16,QQQ 50 Day SMA w/ Gradient,12140.330584325702,-0.002821442966545759
2025-09-17,QQQ 50 Day SMA w/ Gradient,12064.269499419863,-0.006265157639450186
2025-09-18,QQQ 50 Day SMA w/ Gradient,12388.142506115697,0.026845637583892624
2025-09-19,QQQ 50 Day SMA w/ Gradient,12633.500844521632,0.019805902158843335
2025-09-22,QQQ 50 Day SMA w/ Gradient,12846.962598934795,0.016896484754321178
2025-09-23,QQQ 50 Day SMA w/ Gradient,12589.336343608564,-0.020053475935828822
2025-09-24,QQQ 50 Day SMA w/ Gradient,12442.121340565001,-0.011693626973299578
2025-09-25,QQQ 50 Day SMA w/ Gradient,12275.277670448964,-0.013409583908499305
2025-09-26,QQQ 50 Day SMA w/ Gradient,12422.492673492527,0.011992804317409582
2025-09-29,QQQ 50 Day SMA w/ Gradient,12586.882760224502,0.013233260912502362
2025-09-30,QQQ 50 Day SMA w/ Gradient,12685.02609558688,0.0077972709551658035
2025-10-01,QQQ 50 Day SMA w/ Gradient,12864.137682623212,0.014119922630560867
2025-10-02,QQQ 50 Day SMA w/ Gradient,13021.167019203009,0.012206751859622365
2025-10-03,QQQ 50 Day SMA w/ Gradient,12844.509015550737,-0.013566986998304106
2025-10-06,QQQ 50 Day SMA w/ Gradient,13131.578271485683,0.0223495702005731
2025-10-07,QQQ 50 Day SMA w/ Gradient,12918.116517072518,-0.016255605381166004
2025-10-08,QQQ 50 Day SMA w/ Gradient,13357.307942819143,0.033998100664767314
2025-10-09,QQQ 50 Day SMA w/ Gradient,13303.329108369839,-0.004041146216017613
2025-10-10,QQQ 50 Day SMA w/ Gradient,11907.240162840064,-0.10494282552563626
2025-10-13,QQQ 50 Day SMA w/ Gradient,12159.928160188885,0.02122137404580151
2025-10-14,QQQ 50 Day SMA w/ Gradient,11910.227969375244,-0.020534676481983635
2025-10-15,QQQ 50 Day SMA w/ Gradient,12155.216835833911,0.020569620253164538
2025-10-16,QQQ 50 Day SMA w/ Gradient,12020.944091717141,-0.011046511627906982
2025-10-17,QQQ 50 Day SMA w/ Gradient,12247.087660755913,0.01881246325690772
2025-10-20,QQQ 50 Day SMA w/ Gradient,12706.441785365914,0.03750721292556253
2025-10-21,QQQ 50 Day SMA w/ Gradient,12692.307812300993,-0.001112347052280222
2025-10-22,QQQ 50 Day SMA w/ Gradient,12320.113188258016,-0.02932442464736461
2025-10-23,QQQ 50 Day SMA w/ Gradient,12628.704933508838,0.02504780114722758
2025-10-24,QQQ 50 Day SMA w/ Gradient,13022.100517149198,0.03115090468196235
2025-10-27,QQQ 50 Day SMA w/ Gradient,13714.665197330432,0.05318379160636754
2025-10-28,QQQ 50 Day SMA w/ Gradient,14025.612604758742,0.022672621092408113
2025-10-29,QQQ 50 Day SMA w/ Gradient,14206.998592425258,0.012932482364796829
2025-10-30,QQQ 50 Day SMA w/ Gradient,13554.480169261305,-0.045929364947769905
2025-10-31,QQQ 50 Day SMA w/ Gradient,13747.644467815257,0.014250955856795278
2025-11-03,QQQ 50 Day SMA w/ Gradient,13936.097442014232,0.01370801919122682
2025-11-04,QQQ 50 Day SMA w/ Gradient,13083.347733763869,-0.06118999323867474
2025-11-05,QQQ 50 Day SMA w/ Gradient,13337.759248932487,0.019445444724522837
2025-11-06,QQQ 50 Day SMA w/ Gradient,12588.65867649156,-0.05616389968209113
2025-11-07,QQQ 50 Day SMA w/ Gradient,12548.93773015509,-0.003155296156424134
2025-11-10,QQQ 50 Day SMA w/ Gradient,12826.57273848617,0.022124184078459685
2025-11-11,QQQ 50 Day SMA w/ Gradient,12721.86602225363,-0.008163265306122464
2025-11-12,QQQ 50 Day SMA w/ Gradient,12696.827459676282,-0.001968151726605823
2025-11-13,QQQ 50 Day SMA w/ Gradient,11911.52708793223,-0.0618501254930083
2025-11-14,QQQ 50 Day SMA w/ Gradient,11920.533173501673,0.0007560815253123544
2025-11-17,QQQ 50 Day SMA w/ Gradient,11818.72524967319,-0.008540551194034829
2025-11-18,QQQ 50 Day SMA w/ Gradient,11674.82366503101,-0.012175728058841108
2025-11-19,QQQ 50 Day SMA w/ Gradient,11744.52293595974,0.0059700491355168615
2025-11-20,QQQ 50 Day SMA w/ Gradient,11466.508990120426,-0.023671795555703812
2025-11-21,QQQ 50 Day SMA w/ Gradient,11224.19892619178,-0.02113198220464666
2025-11-24,QQQ 50 Day SMA w/ Gradient,10366.9030859764,-0.07637924504481754
2025-11-25,QQQ 50 Day SMA w/ Gradient,10430.80114353257,0.006163659197567616
2025-11-26,QQQ 50 Day SMA w/ Gradient,10522.965097862918,0.008835750299725723
2025-11-28,QQQ 50 Day SMA w/ Gradient,10608.276713581343,0.008107184137268658
2025-12-01,QQQ 50 Day SMA w/ Gradient,10572.64455279935,-0.0033589018974566668
2025-12-02,QQQ 50 Day SMA w/ Gradient,10655.386541538306,0.007826044687849443
2025-12-03,QQQ 50 Day SMA w/ Gradient,10730.533028901777,0.007052441229656431
2025-12-04,QQQ 50 Day SMA w/ Gradient,10695.850034734021,-0.0032321781289279894
2025-12-05,QQQ 50 Day SMA w/ Gradient,10819.167347330485,0.011529454152404982
2025-12-08,QQQ 50 Day SMA w/ Gradient,10751.728192004293,-0.006233303650935021
2025-12-09,QQQ 50 Day SMA w/ Gradient,10792.191685200007,0.003763440860215069
2025-12-10,QQQ 50 Day SMA w/ Gradient,10915.50899779647,0.01142653097661133
2025-12-11,QQQ 50 Day SMA w/ Gradient,10811.460015293203,-0.009532215357458062
2025-12-12,QQQ 50 Day SMA w/ Gradient,10177.531955227001,-0.05863482445196933
2025-12-15,QQQ 50 Day SMA w/ Gradient,10126.446921456754,-0.005019393109742252
2025-12-16,QQQ 50 Day SMA w/ Gradient,10146.516041866495,0.001981852130900574
2025-12-17,QQQ 50 Day SMA w/ Gradient,9958.430235712402,-0.01853698406211693
2025-12-18,QQQ 50 Day SMA w/ Gradient,9531.678234661113,-0.04285334043119509
2025-12-19,QQQ 50 Day SMA w/ Gradient,9655.927590579106,0.013035412322897245
2025-12-22,QQQ 50 Day SMA w/ Gradient,9689.72842291952,0.0035005266996192886
2025-12-23,QQQ 50 Day SMA w/ Gradient,9735.109170043219,0.004683386896206419
2025-12-24,QQQ 50 Day SMA w/ Gradient,9763.589500996713,0.0029255276398063627
2025-12-26,QQQ 50 Day SMA w/ Gradient,9762.963559657077,-6.41097559020461e-05
2025-12-29,QQQ 50 Day SMA w/ Gradient,9715.704988514464,-0.004840596900094539
2025-12-30,QQQ 50 Day SMA w/ Gradient,9693.171100287524,-0.0023193261069145788
2025-12-31,QQQ 50 Day SMA w/ Gradient,9613.050608813955,-0.008265663593949283
